,direct,temp,cloud_amount,wind_speed,humidity,probability_of_precipitation,clear_sky
0,0.23728813559322037,62.0,63.0,6.0,66.0,3.0,0.0
1,-0.04576271186440677,59.0,63.0,6.0,74.0,3.0,0.0
2,-0.3999999999999999,57.0,63.0,6.0,77.0,3.0,0.0
3,0.08305084745762714,56.0,63.0,6.0,80.0,3.0,0.0
4,0.40169491525423723,55.0,66.0,7.0,82.0,1.0,0.0
5,0.3999999999999999,54.0,66.0,7.0,84.0,1.0,0.0
6,-0.26101694915254237,52.0,66.0,7.0,86.0,1.0,0.0
7,-0.32033898305084735,51.0,66.0,7.0,88.0,1.0,0.0
8,0.37966101694915244,50.0,66.0,7.0,91.0,1.0,0.0
9,0.26949152542372884,50.0,66.0,7.0,90.0,1.0,0.0
10,0.3999999999999999,48.0,64.0,6.0,92.0,2.0,0.0
11,0.3999999999999999,48.0,70.0,7.0,93.0,2.0,0.0
12,0.5915254237288137,49.0,70.0,7.0,92.0,2.0,0.0
13,85.80677966101695,48.0,70.0,7.0,93.0,2.0,216.14441277603024
14,60.03728813559322,50.0,70.0,7.0,93.0,2.0,627.123811242116
15,69.83559322033896,53.0,70.0,7.0,85.0,2.0,782.2235057654264
16,64.14237288135594,56.0,57.0,5.0,78.0,2.0,852.6182168180164
17,40.13728813559321,58.0,57.0,5.0,73.0,2.0,886.0415348610317
18,2.2440677966101696,60.0,57.0,5.0,68.0,2.0,897.7273062252897
19,0.37457627118644077,61.0,57.0,5.0,63.0,2.0,892.0128630070656
20,0.7779661016949152,62.0,57.0,5.0,61.0,2.0,866.8420584428736
21,-0.652542372881356,62.0,57.0,5.0,60.0,1.0,811.7326512447638
22,0.3694915254237288,62.0,75.0,3.0,61.0,30.0,694.3883516408234
23,0.37627118644067803,61.0,75.0,3.0,63.0,30.0,402.42557539138994
24,-0.8305084745762712,60.0,75.0,3.0,70.0,30.0,0.0
25,-0.013559322033898308,58.0,75.0,3.0,78.0,30.0,0.0
26,0.9847457627118645,57.0,75.0,3.0,81.0,30.0,0.0
27,0.3745762711864406,56.0,75.0,3.0,83.0,30.0,0.0
28,0.689830508474576,56.0,88.0,6.0,85.0,86.0,0.0
29,0.5254237288135594,55.0,88.0,6.0,88.0,86.0,0.0
30,0.3949152542372882,54.0,88.0,2.0,93.0,86.0,0.0
31,0.423728813559322,54.0,88.0,2.0,93.0,86.0,0.0
32,-0.34406779661016956,54.0,88.0,2.0,93.0,86.0,0.0
33,0.3118644067796611,54.0,88.0,2.0,93.0,86.0,0.0
34,0.29152542372881357,53.0,98.0,7.0,96.0,97.0,0.0
35,0.589830508474576,53.0,98.0,7.0,96.0,97.0,0.0
36,0.5932203389830506,54.0,98.0,7.0,93.0,97.0,0.0
37,2.0,53.0,98.0,7.0,96.0,97.0,230.36043778061978
38,55.457627118644076,54.0,98.0,7.0,96.0,97.0,632.8407128140736
39,343.0898305084745,57.0,98.0,7.0,90.0,97.0,784.9392618161235
40,145.00677966101694,60.0,96.0,8.0,78.0,87.0,854.2332299809858
41,383.0593220338983,61.0,96.0,8.0,75.0,87.0,887.1833894989281
42,132.71355932203392,63.0,96.0,8.0,70.0,87.0,898.6828404015147
43,212.05254237288136,64.0,96.0,8.0,65.0,87.0,892.9721996378495
44,553.4067796610169,70.0,91.0,10.0,89.0,88.0,868.0085587211445
45,311.25762711864405,71.0,91.0,10.0,89.0,88.0,813.4590661447717
46,712.3237288135595,71.0,73.0,9.0,89.0,23.0,697.5810350444575
47,276.95762711864404,69.0,73.0,9.0,89.0,23.0,410.2640708999856
48,-1.5237288135593223,66.0,73.0,9.0,90.0,23.0,0.0
49,-0.15254237288135597,62.0,73.0,8.0,91.0,23.0,0.0
50,-0.11186440677966104,61.0,73.0,8.0,91.0,23.0,0.0
51,-0.38644067796610165,59.0,73.0,8.0,92.0,23.0,0.0
52,-0.9,58.0,72.0,7.0,92.0,3.0,0.0
53,0.13389830508474576,57.0,72.0,7.0,92.0,3.0,0.0
54,0.49322033898305073,56.0,72.0,7.0,92.0,3.0,0.0
55,1.205084745762712,55.0,72.0,6.0,92.0,3.0,0.0
56,0.48644067796610163,54.0,72.0,6.0,93.0,3.0,0.0
57,0.6745762711864406,54.0,72.0,6.0,89.0,28.0,0.0
58,0.4423728813559321,53.0,71.0,5.0,89.0,24.0,0.0
59,0.3559322033898305,52.0,71.0,5.0,93.0,24.0,0.0
60,0.6525423728813561,52.0,71.0,5.0,93.0,24.0,0.0
61,31.922033898305077,52.0,71.0,6.0,93.0,24.0,244.55118180052844
62,13.174576271186439,53.0,71.0,6.0,93.0,24.0,638.4565673608181
63,10.562711864406781,56.0,71.0,6.0,86.0,24.0,787.6090859517652
64,32.82372881355932,59.0,68.0,7.0,78.0,21.0,855.817616392159
65,85.13050847457629,60.0,68.0,7.0,72.0,21.0,888.2994852469013
66,299.74237288135595,62.0,68.0,7.0,67.0,21.0,899.6134290743965
67,603.7847457627116,63.0,68.0,3.0,62.0,21.0,893.9046606223492
68,340.4491525423729,63.0,68.0,3.0,62.0,21.0,869.1427350745367
69,125.94745762711864,65.0,48.0,6.0,68.0,3.0,815.140331548125
70,114.04237288135592,65.0,46.0,6.0,68.0,4.0,700.69363351017
71,172.1813559322034,64.0,51.0,6.0,69.0,6.0,417.91925105939447
72,-1.8932203389830506,61.0,50.0,3.0,75.0,25.0,0.0
73,-0.6881355932203389,58.0,60.0,2.0,81.0,28.0,0.0
74,-0.7271186440677966,57.0,45.0,3.0,82.0,10.0,0.0
75,-0.04745762711864407,55.0,40.0,3.0,84.0,4.0,0.0
76,-0.008474576271186448,55.0,55.0,5.0,85.0,10.0,0.0
77,0.9728813559322034,54.0,70.0,6.0,87.0,26.0,0.0
78,0.5033898305084745,53.0,71.0,6.0,89.0,34.0,0.0
79,2.006779661016949,52.0,80.0,6.0,90.0,25.0,0.0
80,0.8949152542372883,51.0,86.0,6.0,92.0,17.0,0.0
81,0.6406779661016947,52.0,90.0,6.0,90.0,4.0,0.0
82,0.40169491525423723,51.0,73.0,7.0,89.0,3.0,0.0
83,0.3999999999999999,50.0,73.0,7.0,93.0,3.0,0.0
84,0.5847457627118643,50.0,73.0,7.0,93.0,3.0,0.0
85,2.0016949152542374,50.0,73.0,6.0,93.0,3.0,258.67499481818817
86,2.5864406779661016,51.0,73.0,6.0,93.0,3.0,643.9699619128635
87,3.776271186440678,54.0,73.0,6.0,86.0,3.0,790.2322160930806
88,494.1220338983051,57.0,72.0,8.0,75.0,0.0,857.3709509042301
89,370.22203389830514,58.0,72.0,8.0,72.0,0.0,889.3895980703614
90,117.83389830508474,60.0,72.0,8.0,64.0,0.0,900.5189830555112
91,84.35593220338983,61.0,72.0,5.0,60.0,0.0,894.8102726331642
92,-0.049152542372881344,61.0,72.0,5.0,60.0,0.0,870.2447619382926
93,32.945762711864404,62.0,74.0,3.0,58.0,0.0,816.7769188134009
94,12.75084745762712,62.0,59.0,3.0,60.0,0.0,703.7275101376864
95,-0.7661016949152544,60.0,49.0,5.0,62.0,0.0,425.3933916134679
96,-0.8610169491525423,58.0,63.0,2.0,69.0,0.0,0.0
97,0.061016949152542375,55.0,46.0,2.0,77.0,0.0,0.0
98,0.4864406779661017,54.0,51.0,2.0,77.0,0.0,0.0
99,1.793220338983051,53.0,60.0,2.0,80.0,0.0,0.0
100,0.09322033898305085,52.0,80.0,2.0,83.0,0.0,0.0
101,0.09999999999999998,51.0,72.0,2.0,86.0,0.0,0.0
102,0.8661016949152541,50.0,80.0,2.0,89.0,0.0,0.0
103,0.7084745762711864,50.0,67.0,2.0,89.0,0.0,0.0
104,0.535593220338983,49.0,88.0,2.0,89.0,0.0,0.0
105,0.9813559322033901,49.0,84.0,2.0,93.0,0.0,0.0
106,0.9254237288135593,49.0,96.0,3.0,89.0,42.0,0.0
107,0.7440677966101693,48.0,96.0,3.0,93.0,42.0,0.0
108,0.3169491525423728,48.0,96.0,3.0,92.0,42.0,0.0
109,1.1779661016949154,48.0,96.0,6.0,93.0,42.0,272.6947501907862
110,2.9271186440677965,49.0,96.0,6.0,91.0,42.0,649.3797461817485
111,15.928813559322034,51.0,96.0,6.0,86.0,42.0,792.8079910499735
112,0.9508474576271186,53.0,97.0,5.0,77.0,92.0,858.8928651116895
113,1.8898305084745761,55.0,97.0,5.0,71.0,92.0,890.4535432588633
114,-1.9305084745762713,56.0,97.0,5.0,67.0,92.0,901.3994445790925
115,-1.2559322033898308,57.0,97.0,8.0,64.0,92.0,895.6890901155532
116,-0.01864406779661017,57.0,97.0,8.0,62.0,92.0,871.3148398869436
117,-0.5677966101694916,58.0,97.0,8.0,62.0,92.0,818.3693232740312
118,0.2983050847457626,58.0,92.0,17.0,65.0,70.0,706.6840397977309
119,0.36271186440677966,57.0,92.0,17.0,67.0,70.0,432.6890073882472
120,0.4966101694915254,56.0,92.0,17.0,75.0,70.0,0.0
121,-0.305084745762712,55.0,92.0,10.0,82.0,70.0,0.0
122,-0.8813559322033899,54.0,92.0,10.0,85.0,70.0,0.0
123,-0.07627118644067793,54.0,92.0,10.0,86.0,70.0,0.0
124,0.8593220338983051,54.0,95.0,8.0,87.0,73.0,0.0
125,0.15084745762711865,53.0,95.0,8.0,91.0,73.0,0.0
126,-0.013559322033898296,53.0,99.0,9.0,95.0,84.0,0.0
127,-0.015254237288135611,53.0,99.0,9.0,95.0,84.0,0.0
128,0.8338983050847459,53.0,99.0,9.0,95.0,84.0,0.0
129,0.535593220338983,53.0,99.0,9.0,95.0,84.0,0.0
130,0.8050847457627116,52.0,80.0,10.0,96.0,84.0,0.0
131,0.0423728813559322,52.0,80.0,14.0,98.0,84.0,0.0
132,0.7457627118644068,52.0,80.0,9.0,98.0,84.0,0.0
133,291.47457627118644,52.0,80.0,10.0,100.0,84.0,286.57766294889785
134,57.433898305084746,53.0,80.0,10.0,97.0,84.0,654.6850144329587
135,171.07627118644072,54.0,80.0,9.0,91.0,84.0,795.3358447702303
136,166.80169491525425,56.0,83.0,10.0,78.0,62.0,860.3830443717725
137,160.60169491525423,58.0,83.0,11.0,72.0,62.0,891.4911733862822
138,255.5542372881356,59.0,83.0,10.0,67.0,62.0,902.2547855921248
139,55.18983050847458,64.0,82.0,14.0,63.0,87.0,896.5411936261511
140,117.87457627118644,64.0,82.0,13.0,60.0,87.0,872.353193797192
141,191.18983050847456,65.0,82.0,13.0,60.0,87.0,819.9180618999821
142,41.18305084745762,64.0,65.0,13.0,63.0,49.0,709.5646055409276
143,1.5372881355932206,63.0,65.0,11.0,64.0,49.0,439.80881322911495
144,-0.050847457627118654,59.0,65.0,9.0,70.0,49.0,0.0
145,-0.11355932203389832,56.0,65.0,6.0,75.0,49.0,0.0
146,0.13898305084745766,54.0,65.0,5.0,76.0,49.0,0.0
147,-0.3288135593220338,53.0,65.0,5.0,78.0,49.0,0.0
148,-0.3355932203389831,52.0,62.0,6.0,80.0,18.0,0.0
149,-0.44745762711864406,51.0,62.0,5.0,83.0,18.0,0.0
150,0.20677966101694917,50.0,62.0,6.0,85.0,18.0,0.0
151,0.810169491525424,50.0,62.0,6.0,86.0,18.0,0.0
152,0.647457627118644,49.0,62.0,6.0,86.0,18.0,0.0
153,0.13898305084745766,50.0,62.0,5.0,85.0,18.0,0.0
154,0.4796610169491525,49.0,50.0,6.0,86.0,17.0,0.0
155,0.5457627118644067,48.0,50.0,5.0,88.0,17.0,0.0
156,145.20508474576272,48.0,50.0,6.0,84.0,17.0,0.0
157,648.5813559322035,48.0,50.0,2.0,89.0,17.0,300.2950607033787
158,696.3966101694915,49.0,50.0,6.0,86.0,17.0,659.8850889478196
159,174.30338983050848,52.0,50.0,5.0,81.0,17.0,797.815301214287
160,786.0169491525423,54.0,57.0,5.0,73.0,37.0,861.841225134475
161,454.76779661016957,56.0,57.0,5.0,67.0,37.0,892.5023764231173
162,502.5694915254237,58.0,57.0,5.0,64.0,37.0,903.085006133591
163,102.17796610169492,59.0,57.0,3.0,61.0,37.0,897.3666882128772
164,8.054237288135592,60.0,57.0,7.0,60.0,32.0,873.360070999561
165,23.03220338983051,61.0,57.0,7.0,60.0,32.0,821.4236709227544
166,14.984745762711864,60.0,80.0,11.0,62.0,73.0,712.3705950620734
167,8.79322033898305,59.0,80.0,7.0,64.0,73.0,446.7556883279958
168,-0.5084745762711864,55.0,80.0,5.0,72.0,73.0,0.0
169,-0.7711864406779664,52.0,80.0,8.0,77.0,73.0,0.0
170,-0.5423728813559322,51.0,80.0,8.0,77.0,73.0,0.0
171,0.45593220338983054,49.0,80.0,6.0,83.0,73.0,0.0
172,0.6694915254237289,49.0,89.0,6.0,83.0,65.0,0.0
173,-0.864406779661017,47.0,89.0,7.0,89.0,65.0,0.0
174,-0.288135593220339,47.0,89.0,6.0,89.0,65.0,0.0
175,-0.03220338983050847,46.0,89.0,7.0,93.0,65.0,0.0
176,-0.15423728813559318,45.0,89.0,3.0,93.0,65.0,0.0
177,-0.01016949152542373,46.0,89.0,3.0,89.0,65.0,0.0
178,0.49152542372881364,45.0,81.0,3.0,93.0,15.0,0.0
179,0.5508474576271186,44.0,58.0,5.0,93.0,25.0,0.0
180,1.2084745762711864,44.0,58.0,5.0,94.0,25.0,0.0
181,563.5203389830508,44.0,58.0,3.0,96.0,25.0,313.8221204561044
182,774.0372881355933,46.0,58.0,3.0,91.0,25.0,664.9795037638642
183,637.3271186440678,49.0,58.0,3.0,84.0,25.0,800.2459691632639
184,664.4338983050848,52.0,30.0,6.0,73.0,3.0,863.2671922309049
185,657.8728813559323,53.0,30.0,6.0,66.0,3.0,893.4870738508955
186,771.2372881355932,55.0,30.0,6.0,61.0,3.0,903.8901327524466
187,820.5338983050848,56.0,30.0,6.0,57.0,3.0,898.1657018928234
188,895.9847457627121,56.0,30.0,6.0,55.0,3.0,874.3357396365329
189,872.8423728813559,56.0,30.0,6.0,55.0,3.0,822.8867038335192
190,740.7881355932203,56.0,42.0,6.0,57.0,10.0,715.1033979221344
191,239.99491525423733,54.0,42.0,6.0,59.0,10.0,453.53264602151467
192,-0.6949152542372882,50.0,42.0,6.0,68.0,10.0,0.0
193,-0.6474576271186441,47.0,42.0,6.0,74.0,10.0,0.0
194,0.09491525423728817,44.0,42.0,6.0,78.0,10.0,0.0
195,-0.27457627118644073,43.0,42.0,6.0,83.0,10.0,0.0
196,0.18983050847457625,43.0,24.0,5.0,85.0,0.0,0.0
197,-0.4745762711864407,42.0,24.0,5.0,89.0,0.0,0.0
198,-0.6118644067796609,38.0,45.0,2.0,93.0,1.0,0.0
199,0.8322033898305086,38.0,45.0,2.0,93.0,1.0,0.0
200,1.4983050847457628,38.0,45.0,2.0,93.0,1.0,0.0
201,1.6915254237288138,38.0,45.0,2.0,93.0,1.0,0.0
202,1.6711864406779662,38.0,45.0,2.0,93.0,1.0,0.0
203,1.552542372881356,38.0,45.0,2.0,93.0,1.0,0.0
204,28.411864406779657,38.0,45.0,2.0,94.0,1.0,0.0
205,56.83389830508475,38.0,45.0,2.0,96.0,1.0,327.1375812597756
206,349.0203389830508,42.0,45.0,2.0,90.0,1.0,669.9679870341643
207,825.793220338983,45.0,45.0,2.0,83.0,1.0,802.6275363066777
208,778.6881355932203,50.0,54.0,2.0,72.0,3.0,864.6607757665961
209,832.9728813559321,53.0,54.0,2.0,64.0,3.0,894.4452185886546
210,657.4745762711865,56.0,54.0,2.0,58.0,3.0,904.670216891781
211,470.1898305084746,57.0,54.0,6.0,54.0,3.0,898.9383842495226
212,52.27627118644068,57.0,54.0,6.0,51.0,3.0,875.2804873419284
213,-0.5847457627118644,58.0,54.0,6.0,51.0,3.0,824.3077301134689
214,-0.628813559322034,58.0,84.0,7.0,53.0,32.0,717.7644044006285
215,-0.27627118644067805,56.0,84.0,7.0,55.0,32.0,460.1428107120732
216,-2.4745762711864403,53.0,84.0,7.0,64.0,32.0,0.0
217,-2.0915254237288137,50.0,84.0,5.0,70.0,32.0,0.0
218,-1.1288135593220339,48.0,84.0,5.0,75.0,32.0,0.0
219,-0.035593220338983045,47.0,84.0,5.0,80.0,32.0,0.0
220,0.10338983050847458,46.0,75.0,7.0,82.0,17.0,0.0
221,0.14745762711864407,45.0,75.0,7.0,86.0,17.0,0.0
222,0.6254237288135595,43.0,74.0,2.0,91.0,14.0,0.0
223,0.6559322033898304,43.0,74.0,2.0,91.0,14.0,0.0
224,-0.040677966101694926,43.0,74.0,2.0,91.0,14.0,0.0
225,0.383050847457627,43.0,74.0,2.0,91.0,14.0,0.0
226,0.6728813559322034,43.0,74.0,2.0,91.0,14.0,0.0
227,0.5406779661016949,43.0,74.0,2.0,91.0,14.0,0.0
228,5.340677966101694,42.0,74.0,2.0,93.0,14.0,0.0
229,153.53728813559326,42.0,74.0,2.0,93.0,14.0,340.2234429841418
230,275.9593220338983,46.0,74.0,2.0,86.0,14.0,674.8504420412501
231,593.6949152542371,49.0,74.0,2.0,80.0,14.0,804.9597625904408
232,420.63898305084746,53.0,63.0,1.0,71.0,21.0,866.0218476772329
233,730.4406779661016,56.0,63.0,1.0,64.0,21.0,895.3767928409508
234,631.5406779661017,57.0,63.0,1.0,58.0,21.0,905.425333409057
235,865.0796610169492,59.0,63.0,5.0,54.0,21.0,899.684905398968
236,837.6050847457626,59.0,63.0,5.0,51.0,21.0,876.1946206167564
237,779.9305084745763,59.0,63.0,5.0,51.0,21.0,825.6873352195961
238,488.98983050847454,59.0,59.0,5.0,51.0,16.0,720.3550070647368
239,1.940677966101695,57.0,59.0,5.0,52.0,16.0,466.5894043430071
240,-0.7254237288135594,54.0,59.0,5.0,60.0,16.0,0.0
241,-0.347457627118644,51.0,59.0,5.0,63.0,16.0,0.0
242,0.022033898305084742,49.0,59.0,5.0,69.0,16.0,0.0
243,0.6135593220338982,48.0,59.0,5.0,73.0,16.0,0.0
244,0.11525423728813564,47.0,50.0,5.0,74.0,5.0,0.0
245,-0.1830508474576271,46.0,50.0,5.0,77.0,5.0,0.0
246,-0.015254237288135592,44.0,50.0,5.0,81.0,5.0,0.0
247,0.2864406779661016,44.0,50.0,5.0,81.0,5.0,0.0
248,0.3999999999999999,44.0,50.0,5.0,81.0,5.0,0.0
249,0.24915254237288134,44.0,50.0,5.0,80.0,5.0,0.0
250,1.1728813559322033,44.0,47.0,3.0,80.0,2.0,0.0
251,0.7745762711864406,43.0,47.0,3.0,81.0,2.0,0.0
252,150.08983050847456,42.0,47.0,3.0,82.0,2.0,0.0
253,627.0813559322035,43.0,47.0,3.0,82.0,2.0,353.06466231857786
254,822.493220338983,48.0,47.0,3.0,77.0,2.0,679.6269278064656
255,897.6949152542371,51.0,47.0,3.0,72.0,2.0,807.2424734177908
256,931.1338983050847,56.0,18.0,8.0,64.0,2.0,867.350318372559
257,949.0491525423729,59.0,18.0,8.0,59.0,2.0,896.2818062181069
258,960.6033898305085,62.0,18.0,8.0,55.0,2.0,906.1555795622451
259,946.2830508474578,62.0,18.0,8.0,52.0,2.0,900.405455670129
260,912.9322033898306,63.0,18.0,8.0,51.0,2.0,877.07846531414
261,706.2627118644068,63.0,15.0,8.0,48.0,0.0,827.0261224430168
262,719.2830508474577,62.0,8.0,9.0,49.0,0.0,722.8766057963028
263,337.83389830508474,61.0,8.0,9.0,49.0,0.0,472.87574367885975
264,-0.8898305084745762,56.0,8.0,9.0,60.0,0.0,1.2814405514875906
265,-0.4966101694915253,53.0,8.0,9.0,66.0,0.0,0.0
266,-1.064406779661017,49.0,8.0,9.0,74.0,0.0,0.0
267,-0.16949152542372883,48.0,8.0,9.0,79.0,0.0,0.0
268,-0.41694915254237286,47.0,8.0,5.0,81.0,0.0,0.0
269,-0.5881355932203389,46.0,8.0,5.0,84.0,0.0,0.0
270,-0.2033898305084746,45.0,8.0,5.0,90.0,0.0,0.0
271,0.19322033898305088,43.0,8.0,5.0,93.0,0.0,0.0
272,-0.16610169491525426,43.0,8.0,5.0,92.0,0.0,0.0
273,1.1491525423728814,43.0,12.0,3.0,90.0,0.0,0.0
274,0.6644067796610169,42.0,13.0,2.0,93.0,0.0,0.0
275,1.5169491525423726,41.0,13.0,2.0,92.0,0.0,0.0
276,179.61694915254236,40.0,13.0,2.0,92.0,0.0,0.0
277,692.4610169491526,41.0,13.0,2.0,92.0,0.0,365.6488561793598
278,853.6661016949153,46.0,13.0,2.0,89.0,0.0,684.2976406924424
279,909.2271186440678,51.0,13.0,2.0,80.0,0.0,809.4755532504952
280,961.4118644067797,56.0,16.0,8.0,72.0,1.0,868.6461337787522
281,970.7322033898305,60.0,16.0,8.0,64.0,1.0,897.1602943328073
282,964.3661016949153,62.0,16.0,8.0,60.0,1.0,906.8610745859494
283,946.6135593220339,64.0,16.0,10.0,54.0,1.0,901.1002460594801
284,917.115254237288,64.0,16.0,10.0,52.0,1.0,877.9323682164296
285,403.7491525423729,65.0,16.0,10.0,51.0,1.0,828.3247164238238
286,30.159322033898306,65.0,50.0,11.0,50.0,9.0,725.330615942163
287,2.9762711864406777,63.0,50.0,11.0,50.0,9.0,479.0052468906823
288,-0.8762711864406778,58.0,50.0,11.0,56.0,9.0,1.879595211778611
289,-0.9576271186440678,55.0,50.0,16.0,60.0,9.0,0.0
290,-0.45254237288135585,52.0,50.0,16.0,64.0,9.0,0.0
291,0.1864406779661017,50.0,50.0,16.0,67.0,9.0,0.0
292,-0.5661016949152542,49.0,22.0,15.0,67.0,0.0,0.0
293,-0.43559322033898296,47.0,22.0,15.0,70.0,0.0,0.0
294,0.06101694915254237,44.0,2.0,2.0,72.0,2.0,0.0
295,0.43050847457627117,44.0,2.0,2.0,72.0,2.0,0.0
296,0.6644067796610169,44.0,2.0,2.0,72.0,2.0,0.0
297,-0.23389830508474577,44.0,2.0,2.0,72.0,2.0,0.0
298,0.45254237288135585,43.0,1.0,2.0,73.0,0.0,0.0
299,0.13898305084745766,42.0,1.0,3.0,75.0,0.0,0.0
300,221.13898305084743,41.0,1.0,3.0,76.0,0.0,0.0
301,736.650847457627,42.0,1.0,6.0,76.0,0.0,377.9660182184636
302,885.328813559322,46.0,1.0,9.0,71.0,0.0,688.8628973289763
303,948.0559322033898,50.0,1.0,8.0,65.0,0.0,811.6589397489216
304,980.9423728813559,53.0,0.0,8.0,58.0,0.0,869.9092727284934
305,990.3406779661016,56.0,0.0,7.0,55.0,0.0,898.012317695512
306,986.7525423728813,57.0,0.0,8.0,51.0,0.0,907.5419595874173
307,980.3271186440678,59.0,0.0,9.0,47.0,0.0,901.7695090598253
308,951.0898305084746,59.0,0.0,10.0,38.0,0.0,878.7566990807663
309,894.2440677966102,60.0,0.0,10.0,37.0,0.0,829.5837673510715
310,773.6932203389831,59.0,0.0,10.0,36.0,0.0,727.7184773979691
311,376.77627118644074,58.0,0.0,10.0,37.0,0.0,484.9814433231858
312,-1.6457627118644065,55.0,0.0,6.0,45.0,0.0,2.684026663868303
313,0.5254237288135593,51.0,0.0,6.0,52.0,0.0,0.0
314,1.0016949152542374,49.0,0.0,5.0,58.0,0.0,0.0
315,-0.08644067796610169,47.0,0.0,5.0,63.0,0.0,0.0
316,-0.7067796610169491,47.0,0.0,3.0,63.0,0.0,0.0
317,-0.08644067796610169,45.0,0.0,3.0,68.0,0.0,0.0
318,1.1338983050847458,44.0,0.0,2.0,73.0,0.0,0.0
319,-0.4152542372881355,43.0,0.0,2.0,76.0,0.0,0.0
320,0.5101694915254237,42.0,1.0,5.0,76.0,0.0,0.0
321,1.0305084745762714,42.0,1.0,5.0,73.0,0.0,0.0
322,1.4288135593220341,41.0,1.0,3.0,76.0,0.0,0.0
323,1.0508474576271187,40.0,1.0,3.0,77.0,0.0,0.0
324,209.21694915254238,39.0,1.0,2.0,79.0,0.0,0.0
325,672.4338983050848,40.0,1.0,1.0,79.0,0.0,390.00825296250787
326,833.2762711864407,46.0,1.0,1.0,74.0,0.0,693.323118949197
327,914.3830508474578,51.0,1.0,1.0,66.0,0.0,813.7926182848961
328,955.2203389830509,55.0,1.0,2.0,58.0,0.0,871.1397444697163
329,973.4169491525424,59.0,1.0,2.0,54.0,0.0,898.8379606403178
330,972.4016949152542,61.0,1.0,2.0,49.0,0.0,908.1983973832378
331,955.666101694915,64.0,1.0,3.0,39.0,0.0,902.4134993392463
332,922.1728813559323,65.0,1.0,2.0,36.0,0.0,879.5518523896379
333,875.2033898305084,66.0,1.0,1.0,35.0,0.0,830.8039545351593
334,741.013559322034,65.0,6.0,2.0,34.0,0.0,730.0416622842062
335,245.62711864406782,63.0,6.0,3.0,35.0,0.0,490.80798071090584
336,-1.5135593220338983,59.0,6.0,5.0,43.0,0.0,3.737002434663394
337,-0.8779661016949152,55.0,6.0,5.0,48.0,0.0,0.0
338,0.04745762711864406,51.0,6.0,5.0,56.0,0.0,0.0
339,0.22711864406779658,49.0,6.0,5.0,60.0,0.0,0.0
340,0.09830508474576273,48.0,30.0,5.0,61.0,0.0,0.0
341,1.1644067796610171,46.0,30.0,3.0,65.0,0.0,0.0
342,0.14915254237288134,44.0,30.0,2.0,69.0,0.0,0.0
343,0.3762711864406779,42.0,30.0,2.0,72.0,0.0,0.0
344,-0.6661016949152543,40.0,30.0,3.0,75.0,0.0,0.0
345,-0.12881355932203395,40.0,30.0,3.0,74.0,0.0,0.0
346,1.1864406779661016,39.0,16.0,3.0,76.0,0.0,0.0
347,2.2457627118644066,37.0,16.0,1.0,70.0,0.0,0.0
348,223.38644067796608,36.0,16.0,1.0,69.0,0.0,0.0
349,679.5033898305086,37.0,16.0,2.0,70.0,0.0,401.76953201395435
350,838.1983050847457,46.0,16.0,0.0,65.0,0.0,697.6788182728492
351,903.3016949152542,51.0,16.0,0.0,61.0,0.0,815.8766174266949
352,935.1457627118644,57.0,17.0,2.0,53.0,0.0,872.3375865935302
353,948.4830508474575,62.0,17.0,3.0,50.0,0.0,899.6373303591607
354,950.228813559322,65.0,17.0,3.0,46.0,0.0,908.8305722538837
355,944.4372881355933,67.0,17.0,5.0,45.0,0.0,903.0324941232348
356,895.6389830508474,68.0,17.0,2.0,39.0,0.0,880.3182485001735
357,836.9016949152543,69.0,17.0,2.0,38.0,0.0,831.9859888377417
358,721.2847457627117,69.0,0.0,5.0,37.0,0.0,732.3016801806633
359,366.793220338983,67.0,0.0,5.0,38.0,0.0,496.488626816621
360,-1.157627118644068,63.0,0.0,5.0,48.0,0.0,5.080606300799487
361,-0.5254237288135591,59.0,0.0,5.0,56.0,0.0,0.0
362,-0.9559322033898306,56.0,0.0,5.0,66.0,0.0,0.0
363,-0.06949152542372881,54.0,0.0,5.0,71.0,0.0,0.0
364,0.8745762711864407,52.0,0.0,5.0,74.0,0.0,0.0
365,-0.3898305084745762,51.0,0.0,5.0,78.0,0.0,0.0
366,-1.1389830508474577,43.0,4.0,2.0,95.0,0.0,0.0
367,-0.5644067796610169,43.0,4.0,2.0,95.0,0.0,0.0
368,1.1186440677966105,43.0,4.0,2.0,95.0,0.0,0.0
369,0.5559322033898305,43.0,4.0,2.0,95.0,0.0,0.0
370,-0.6711864406779662,43.0,4.0,2.0,95.0,0.0,0.0
371,0.04745762711864405,42.0,4.0,2.0,79.0,0.0,0.0
372,211.63050847457623,41.0,4.0,2.0,81.0,0.0,0.0
373,622.4305084745763,42.0,4.0,2.0,80.0,0.0,413.24547941181976
374,791.0915254237289,50.0,4.0,2.0,73.0,0.0,701.9305912863745
375,872.913559322034,56.0,4.0,2.0,64.0,0.0,817.9110065538694
376,918.7677966101693,60.0,0.0,2.0,56.0,0.0,873.5028641174687
377,935.849152542373,65.0,0.0,2.0,51.0,0.0,900.4105566100599
378,924.8694915254238,67.0,0.0,2.0,46.0,0.0,909.4386900321023
379,904.6355932203388,70.0,0.0,3.0,42.0,0.0,903.6267936329099
380,897.7355932203392,72.0,0.0,3.0,40.0,0.0,881.0563345282505
381,854.3237288135595,72.0,0.0,3.0,38.0,0.0,833.1306142732665
382,716.677966101695,72.0,0.0,6.0,37.0,0.0,734.5000812241167
383,369.8779661016949,70.0,0.0,6.0,39.0,0.0,502.02726642010265
384,-1.4254237288135594,66.0,0.0,6.0,47.0,0.0,6.754626014556827
385,-0.705084745762712,62.0,0.0,6.0,54.0,0.0,0.0
386,-0.8559322033898306,60.0,0.0,6.0,60.0,0.0,0.0
387,-0.02372881355932205,58.0,0.0,6.0,64.0,0.0,0.0
388,-0.8830508474576272,57.0,0.0,5.0,66.0,0.0,0.0
389,-0.559322033898305,55.0,0.0,5.0,69.0,0.0,0.0
390,0.5152542372881355,54.0,0.0,3.0,66.0,0.0,0.0
391,0.852542372881356,54.0,0.0,3.0,66.0,0.0,0.0
392,-0.671186440677966,54.0,0.0,3.0,66.0,0.0,0.0
393,0.06271186440677966,54.0,0.0,3.0,66.0,0.0,0.0
394,0.3999999999999999,53.0,3.0,3.0,69.0,0.0,0.0
395,0.288135593220339,53.0,3.0,3.0,67.0,0.0,0.0
396,214.28983050847455,52.0,3.0,3.0,69.0,0.0,0.0
397,621.5728813559322,53.0,3.0,2.0,68.0,0.0,424.4331906066739
398,794.4779661016948,59.0,3.0,2.0,64.0,0.0,706.079115635736
399,876.5745762711863,63.0,3.0,2.0,57.0,0.0,819.8958966366326
400,919.3813559322034,67.0,3.0,2.0,50.0,0.0,874.6356703579519
401,950.2474576271186,70.0,3.0,2.0,46.0,0.0,901.157792509045
402,939.977966101695,72.0,3.0,2.0,42.0,0.0,910.0229788444497
403,918.1101694915254,74.0,3.0,3.0,39.0,0.0,904.1967218232625
404,890.1525423728814,75.0,3.0,3.0,36.0,0.0,881.7665851467253
405,828.1627118644069,76.0,3.0,3.0,36.0,0.0,834.2386089885167
406,704.9610169491525,76.0,21.0,6.0,34.0,0.0,736.6384574788997
407,344.4474576271185,75.0,21.0,6.0,36.0,0.0,507.42789402819847
408,-2.984745762711864,70.0,21.0,6.0,46.0,0.0,8.79462925463918
409,-0.9559322033898303,65.0,1.0,5.0,56.0,0.0,0.0
410,-0.5694915254237288,62.0,1.0,5.0,65.0,0.0,0.0
411,-0.055932203389830515,59.0,1.0,5.0,70.0,0.0,0.0
412,0.21016949152542375,58.0,6.0,6.0,72.0,0.0,0.0
413,-0.9118644067796611,56.0,6.0,6.0,77.0,0.0,0.0
414,0.5661016949152543,47.0,10.0,2.0,97.0,0.0,0.0
415,0.3338983050847457,47.0,10.0,2.0,97.0,0.0,0.0
416,0.34237288135593213,47.0,10.0,2.0,97.0,0.0,0.0
417,0.3101694915254238,47.0,10.0,2.0,97.0,0.0,0.0
418,0.08474576271186442,47.0,10.0,2.0,97.0,0.0,0.0
419,0.4796610169491525,47.0,10.0,2.0,97.0,0.0,0.0
420,182.72203389830509,46.0,10.0,2.0,100.0,0.0,0.0
421,521.0593220338983,47.0,10.0,2.0,99.0,0.0,435.33108217465485
422,810.3813559322033,55.0,10.0,2.0,90.0,0.0,710.1251546954719
423,871.9932203389832,61.0,10.0,2.0,76.0,0.0,821.8314435986882
424,896.057627118644,66.0,7.0,2.0,65.0,0.0,875.7361291568108
425,921.8254237288133,71.0,7.0,2.0,56.0,0.0,901.8792160245257
426,918.9016949152542,73.0,7.0,2.0,48.0,0.0,910.5836900949482
427,911.8593220338985,76.0,7.0,2.0,41.0,0.0,904.7426269513066
428,875.013559322034,78.0,7.0,2.0,37.0,0.0,882.4495027010762
429,782.5966101694916,80.0,1.0,3.0,34.0,0.0,835.3107846792639
430,633.8796610169491,80.0,13.0,3.0,33.0,0.0,738.7184408053561
431,254.64745762711863,78.0,22.0,3.0,33.0,0.0,512.6945984007817
432,-3.422033898305085,75.0,19.0,3.0,41.0,0.0,11.230416055938987
433,-1.0152542372881355,70.0,18.0,2.0,53.0,0.0,0.0
434,-0.2559322033898306,66.0,7.0,3.0,61.0,0.0,0.0
435,-0.8084745762711864,64.0,7.0,6.0,63.0,0.0,0.0
436,-1.242372881355932,62.0,14.0,5.0,67.0,0.0,0.0
437,-0.8813559322033898,60.0,16.0,6.0,72.0,0.0,0.0
438,0.31864406779661014,54.0,35.0,5.0,86.0,0.0,0.0
439,-0.0847457627118644,54.0,35.0,5.0,86.0,0.0,0.0
440,-0.4220338983050847,54.0,35.0,5.0,86.0,0.0,0.0
441,0.39322033898305075,53.0,20.0,2.0,74.0,0.0,0.0
442,-0.12033898305084745,52.0,20.0,3.0,77.0,0.0,0.0
443,0.906779661016949,52.0,20.0,3.0,77.0,0.0,0.0
444,22.835593220338982,52.0,20.0,5.0,77.0,0.0,0.0
445,130.90677966101694,53.0,20.0,3.0,77.0,0.0,445.9387610607946
446,327.65423728813556,57.0,20.0,2.0,69.0,0.0,714.0695629672732
447,164.26610169491528,62.0,20.0,2.0,62.0,0.0,823.7178519698447
448,521.3237288135593,67.0,35.0,2.0,52.0,2.0,876.8043969073136
449,587.8322033898305,70.0,35.0,2.0,44.0,2.0,902.5750309034077
450,310.4016949152543,72.0,35.0,3.0,39.0,2.0,911.12109852148
451,344.7101694915254,74.0,35.0,6.0,35.0,2.0,905.2648807450737
452,71.71355932203387,75.0,35.0,6.0,33.0,4.0,883.1056151876397
453,0.23559322033898308,76.0,77.0,6.0,31.0,4.0,836.3479825090676
454,-0.8932203389830508,75.0,74.0,8.0,34.0,6.0,740.7416941294507
455,-1.216949152542373,73.0,67.0,9.0,35.0,54.0,517.8315317194912
456,-1.6915254237288135,70.0,60.0,8.0,38.0,31.0,14.084951972826458
457,-4.486440677966102,66.0,77.0,8.0,43.0,19.0,0.0
458,-1.3966101694915258,63.0,67.0,8.0,46.0,16.0,0.0
459,-0.43389830508474575,62.0,67.0,6.0,59.0,16.0,0.0
460,0.4406779661016949,61.0,85.0,6.0,62.0,25.0,0.0
461,-0.7067796610169492,59.0,85.0,5.0,66.0,25.0,0.0
462,1.630508474576271,54.0,85.0,3.0,79.0,25.0,0.0
463,0.8084745762711864,54.0,85.0,3.0,79.0,25.0,0.0
464,-0.11355932203389832,54.0,85.0,3.0,79.0,25.0,0.0
465,0.6796610169491527,54.0,85.0,3.0,79.0,25.0,0.0
466,1.2305084745762713,52.0,46.0,3.0,81.0,13.0,0.0
467,0.7694915254237289,51.0,70.0,5.0,83.0,13.0,0.0
468,60.54237288135594,51.0,66.0,3.0,83.0,13.0,0.0
469,388.6966101694916,52.0,65.0,3.0,82.0,6.0,456.2568996909719
470,176.72881355932202,55.0,51.0,5.0,78.0,13.0,717.9132880630713
471,361.3847457627118,57.0,49.0,6.0,72.0,14.0,825.5553762473359
472,206.76271186440678,59.0,25.0,6.0,66.0,19.0,877.8406626469101
473,325.88983050847463,61.0,62.0,6.0,62.0,19.0,903.2454657048398
474,219.82881355932207,62.0,86.0,6.0,58.0,32.0,911.635500180177
475,15.75762711864407,63.0,94.0,7.0,55.0,54.0,905.7638750731724
476,0.8745762711864407,64.0,74.0,5.0,52.0,54.0,883.735470905346
477,-0.5983050847457627,62.0,54.0,11.0,60.0,54.0,837.3510639981687
478,-2.8220338983050843,61.0,65.0,8.0,62.0,64.0,742.7098937712638
479,9.705084745762715,60.0,66.0,10.0,64.0,71.0,522.8428591041452
480,1.442372881355932,59.0,64.0,8.0,67.0,44.0,17.37380020654869
481,1.0830508474576273,57.0,58.0,7.0,72.0,21.0,0.0
482,0.6135593220338982,55.0,73.0,3.0,80.0,10.0,0.0
483,0.9491525423728816,55.0,85.0,3.0,77.0,2.0,0.0
484,1.3847457627118644,54.0,80.0,3.0,83.0,1.0,0.0
485,0.9338983050847458,53.0,79.0,5.0,86.0,0.0,0.0
486,-0.07118644067796608,50.0,100.0,1.0,89.0,57.0,0.0
487,0.652542372881356,50.0,100.0,1.0,89.0,57.0,0.0
488,1.438983050847458,50.0,100.0,1.0,89.0,57.0,0.0
489,0.6966101694915255,50.0,100.0,1.0,89.0,57.0,0.0
490,0.9779661016949152,49.0,100.0,3.0,89.0,44.0,0.0
491,1.152542372881356,47.0,100.0,3.0,88.0,44.0,0.0
492,1.3254237288135595,47.0,100.0,3.0,89.0,44.0,0.0
493,0.7593220338983053,48.0,100.0,3.0,87.0,44.0,466.28710968644833
494,6.706779661016949,52.0,100.0,3.0,79.0,44.0,721.6573667026164
495,109.27627118644068,55.0,100.0,3.0,69.0,44.0,827.3443187364607
496,350.0254237288136,58.0,40.0,6.0,63.0,10.0,878.8451455846307
497,216.26101694915258,60.0,40.0,6.0,56.0,10.0,903.8907706003929
498,390.0966101694916,61.0,40.0,6.0,51.0,10.0,912.1272082066728
499,465.35932203389825,63.0,40.0,7.0,47.0,10.0,906.2400161387974
500,839.371186440678,64.0,40.0,7.0,45.0,10.0,884.3396300095484
501,816.0338983050848,64.0,40.0,7.0,45.0,10.0,838.320897549866
502,713.2525423728815,64.0,32.0,7.0,43.0,2.0,744.6247043779998
503,401.33389830508474,63.0,32.0,7.0,44.0,2.0,527.7326926420209
504,-0.845762711864407,60.0,32.0,7.0,51.0,2.0,21.105005261974867
505,-0.752542372881356,56.0,32.0,5.0,60.0,2.0,0.0
506,0.06779661016949151,55.0,32.0,5.0,63.0,2.0,0.0
507,-0.3169491525423728,53.0,32.0,5.0,68.0,2.0,0.0
508,-0.2830508474576271,51.0,24.0,5.0,73.0,2.0,0.0
509,-0.02033898305084746,50.0,24.0,5.0,79.0,2.0,0.0
510,0.5847457627118644,49.0,24.0,5.0,83.0,2.0,0.0
511,0.09661016949152541,48.0,24.0,2.0,85.0,2.0,0.0
512,0.02372881355932204,46.0,24.0,2.0,90.0,2.0,0.0
513,-0.3355932203389831,46.0,24.0,2.0,91.0,2.0,0.0
514,0.10169491525423731,45.0,29.0,5.0,93.0,1.0,0.0
515,0.26949152542372884,44.0,29.0,5.0,91.0,1.0,0.0
516,179.86949152542374,44.0,29.0,5.0,92.0,1.0,1.401806133881942
517,139.735593220339,46.0,29.0,2.0,89.0,1.0,476.0318164107207
518,241.25593220338982,51.0,29.0,2.0,80.0,1.0,725.3029163631611
519,298.3033898305085,56.0,29.0,2.0,69.0,1.0,829.0850250119905
520,754.977966101695,59.0,50.0,5.0,64.0,2.0,879.8180910198606
521,661.9949152542374,63.0,50.0,5.0,56.0,2.0,904.5112129298315
522,194.64745762711865,64.0,50.0,5.0,52.0,2.0,912.596547482048
523,97.57627118644068,66.0,50.0,3.0,47.0,2.0,906.693717587267
524,301.76271186440687,66.0,51.0,3.0,43.0,0.0,884.9186548784469
525,311.57627118644064,66.0,60.0,3.0,43.0,0.0,839.2583435002688
526,381.36101694915254,67.0,67.0,5.0,40.0,0.0,746.4877519736366
527,79.46610169491527,67.0,73.0,5.0,40.0,0.0,532.5050237333354
528,-0.2220338983050848,65.0,68.0,3.0,45.0,0.0,25.279347018270215
529,-0.3067796610169492,61.0,54.0,5.0,53.0,0.0,0.0
530,-0.27118644067796605,59.0,67.0,5.0,55.0,0.0,0.0
531,0.9322033898305084,57.0,87.0,3.0,62.0,0.0,0.0
532,0.7677966101694917,57.0,86.0,2.0,64.0,0.0,0.0
533,0.1559322033898305,56.0,95.0,3.0,69.0,0.0,0.0
534,0.954237288135593,55.0,87.0,5.0,77.0,0.0,0.0
535,0.8593220338983051,55.0,65.0,5.0,77.0,0.0,0.0
536,0.3999999999999999,53.0,62.0,5.0,86.0,22.0,0.0
537,0.41186440677966096,52.0,67.0,2.0,83.0,22.0,0.0
538,0.25423728813559326,52.0,62.0,3.0,86.0,13.0,0.0
539,0.5983050847457625,51.0,61.0,3.0,93.0,13.0,0.0
540,0.8118644067796611,51.0,95.0,3.0,93.0,35.0,2.56781299644294
541,2.7474576271186435,52.0,98.0,3.0,93.0,40.0,485.4941426370565
542,4.2322033898305085,54.0,93.0,5.0,90.0,37.0,728.8511263932702
543,-0.7644067796610169,55.0,92.0,6.0,86.0,27.0,830.7778793248154
544,10.035593220338981,56.0,88.0,7.0,83.0,17.0,880.7597664948794
545,18.516949152542374,57.0,71.0,7.0,80.0,8.0,905.1070731827742
546,225.40677966101694,59.0,40.0,7.0,72.0,1.0,913.0438499300952
547,111.77118644067797,61.0,29.0,8.0,65.0,0.0,907.1253945396924
548,430.24237288135595,62.0,24.0,9.0,60.0,45.0,885.4731018879694
549,640.642372881356,64.0,8.0,9.0,49.0,45.0,840.1642415877305
550,501.5966101694915,64.0,22.0,10.0,48.0,0.0,748.3006019056788
551,215.39830508474577,63.0,10.0,9.0,49.0,0.0,537.1636692435887
552,-0.28813559322033905,60.0,3.0,6.0,56.0,0.0,29.890876608203147
553,-0.764406779661017,56.0,16.0,6.0,64.0,0.0,0.0
554,-0.3999999999999999,54.0,9.0,6.0,66.0,0.0,0.0
555,-0.3999999999999999,52.0,5.0,6.0,70.0,0.0,0.0
556,-0.16440677966101694,50.0,9.0,5.0,74.0,0.0,0.0
557,-0.22372881355932206,49.0,0.0,6.0,80.0,0.0,0.0
558,-0.38135593220338976,48.0,0.0,7.0,83.0,0.0,0.0
559,-0.005084745762711865,47.0,7.0,7.0,83.0,0.0,0.0
560,0.11525423728813562,46.0,2.0,6.0,89.0,0.0,0.0
561,-0.006779661016949142,45.0,3.0,2.0,89.0,0.0,0.0
562,-0.3288135593220339,43.0,9.0,2.0,93.0,0.0,0.0
563,-0.023728813559322028,43.0,8.0,2.0,93.0,0.0,0.0
564,193.34745762711864,43.0,37.0,2.0,89.0,0.0,4.404565667862602
565,541.7508474576272,44.0,37.0,1.0,93.0,0.0,494.677807786749
566,703.771186440678,47.0,33.0,2.0,86.0,0.0,732.3032516425812
567,770.720338983051,51.0,30.0,2.0,80.0,0.0,832.4233017484904
568,835.0050847457628,55.0,19.0,2.0,69.0,0.0,881.6704595303904
569,859.4542372881356,59.0,19.0,2.0,60.0,0.0,905.6786426189084
570,843.1983050847457,63.0,19.0,2.0,48.0,0.0,913.4694516872543
571,522.0220338983052,65.0,35.0,2.0,41.0,0.0,907.535459958678
572,71.66779661016949,67.0,60.0,2.0,37.0,0.0,886.0035164120266
573,428.2694915254237,68.0,0.0,2.0,36.0,0.0,841.0394034383141
574,438.1525423728813,68.0,0.0,2.0,34.0,0.0,750.0647461547887
575,166.071186440678,68.0,0.0,2.0,36.0,0.0,541.7122417053118
576,-1.4474576271186441,65.0,0.0,5.0,41.0,0.0,34.92765241474444
577,-1.2779661016949153,61.0,0.0,3.0,48.0,0.0,0.0
578,-0.4762711864406779,58.0,0.0,3.0,51.0,0.0,0.0
579,-0.3203389830508473,56.0,0.0,3.0,55.0,0.0,0.0
580,-0.030508474576271188,54.0,48.0,3.0,61.0,0.0,0.0
581,-0.14067796610169492,52.0,15.0,2.0,66.0,0.0,0.0
582,-0.11694915254237288,50.0,15.0,5.0,71.0,0.0,0.0
583,0.4728813559322035,49.0,15.0,1.0,74.0,0.0,0.0
584,-0.05254237288135594,47.0,15.0,3.0,76.0,0.0,0.0
585,0.3593220338983051,47.0,13.0,2.0,83.0,0.0,0.0
586,0.3559322033898304,45.0,16.0,2.0,86.0,0.0,0.0
587,0.20508474576271188,45.0,14.0,3.0,86.0,0.0,0.0
588,148.65423728813556,45.0,27.0,3.0,86.0,0.0,7.1119997590258635
589,396.52372881355933,47.0,20.0,2.0,83.0,0.0,503.58704244998563
590,553.6983050847458,53.0,23.0,2.0,74.0,0.0,735.6606088288091
591,669.5745762711865,59.0,29.0,5.0,62.0,0.0,834.0217471930123
592,678.6372881355932,63.0,30.0,6.0,56.0,0.0,882.5504770428962
593,681.1203389830509,67.0,31.0,6.0,47.0,0.0,906.2262226395279
594,746.6830508474576,70.0,29.0,5.0,39.0,0.0,913.8736922773209
595,777.4508474576272,73.0,27.0,5.0,31.0,0.0,907.9243235197883
596,741.8118644067796,75.0,15.0,8.0,29.0,0.0,886.5104312480726
597,689.0898305084746,76.0,15.0,7.0,26.0,0.0,841.8846103529097
598,658.2677966101696,76.0,12.0,5.0,24.0,0.0,751.7816004397022
599,325.13050847457623,75.0,12.0,7.0,25.0,0.0,546.1541434674732
600,-1.3186440677966103,71.0,12.0,6.0,35.0,0.0,40.372602457504165
601,-1.5661016949152542,65.0,12.0,6.0,46.0,0.0,0.0
602,0.7050847457627119,63.0,12.0,6.0,49.0,0.0,0.0
603,-0.71864406779661,60.0,12.0,6.0,55.0,0.0,0.0
604,-1.5525423728813554,58.0,20.0,5.0,61.0,1.0,0.0
605,1.3016949152542374,56.0,20.0,5.0,68.0,1.0,0.0
606,-0.19999999999999998,55.0,20.0,3.0,73.0,1.0,0.0
607,-0.18474576271186444,54.0,20.0,6.0,76.0,1.0,0.0
608,0.7440677966101694,53.0,20.0,5.0,80.0,1.0,0.0
609,0.7830508474576272,50.0,35.0,2.0,80.0,0.0,0.0
610,-0.16610169491525426,49.0,40.0,2.0,83.0,0.0,0.0
611,1.9440677966101696,49.0,49.0,2.0,83.0,0.0,0.0
612,61.30847457627119,49.0,62.0,2.0,86.0,0.0,10.869470047941709
613,99.38135593220339,50.0,62.0,1.0,86.0,0.0,512.226512478571
614,616.9542372881356,53.0,60.0,2.0,83.0,0.0,738.9245735147289
615,710.8067796610171,59.0,31.0,2.0,69.0,0.0,835.5737050572997
616,835.2220338983051,63.0,41.0,3.0,60.0,0.0,883.4001455400282
617,875.9644067796611,66.0,46.0,3.0,54.0,0.0,906.7501251383912
618,806.1559322033899,68.0,34.0,2.0,49.0,0.0,914.2569150439182
619,588.7,70.0,47.0,3.0,42.0,0.0,908.2923921725956
620,664.2762711864406,73.0,49.0,3.0,41.0,0.0,886.9943674787881
621,624.1237288135594,74.0,41.0,3.0,39.0,0.0,842.7006149602724
622,503.2169491525424,74.0,69.0,3.0,37.0,5.0,753.4525083228986
623,83.76101694915253,73.0,69.0,3.0,38.0,5.0,550.4925779764586
624,-0.9847457627118643,70.0,69.0,3.0,45.0,5.0,46.204447212345826
625,-0.7067796610169491,66.0,69.0,3.0,53.0,5.0,0.0
626,-0.2457627118644068,64.0,69.0,3.0,56.0,5.0,0.0
627,-0.211864406779661,62.0,69.0,3.0,60.0,5.0,0.0
628,-0.15762711864406778,61.0,63.0,1.0,65.0,14.0,0.0
629,-0.6237288135593222,59.0,63.0,1.0,72.0,14.0,0.0
630,-0.4525423728813558,59.0,63.0,1.0,75.0,14.0,0.0
631,0.3389830508474576,58.0,63.0,1.0,77.0,14.0,0.0
632,0.06610169491525424,57.0,63.0,1.0,80.0,14.0,0.0
633,1.0711864406779663,55.0,98.0,6.0,83.0,5.0,0.0
634,0.22881355932203393,55.0,93.0,6.0,83.0,7.0,0.0
635,0.8932203389830506,56.0,95.0,6.0,80.0,36.0,0.0
636,0.8203389830508475,56.0,100.0,6.0,80.0,49.0,15.812396847214934
637,0.4254237288135593,57.0,100.0,5.0,83.0,17.0,520.6012470654649
638,1.0559322033898304,58.0,100.0,6.0,80.0,11.0,742.0965754840122
639,0.3694915254237288,60.0,100.0,6.0,78.0,8.0,837.0796981205705
640,1.1457627118644071,62.0,82.0,7.0,72.0,12.0,884.2198110612457
641,3.1084745762711865,64.0,60.0,8.0,67.0,24.0,907.2506729175994
642,19.906779661016948,65.0,58.0,8.0,65.0,35.0,914.6194679275488
643,166.77966101694915,69.0,61.0,8.0,50.0,41.0,908.6400713638442
644,769.5152542372881,69.0,39.0,9.0,49.0,38.0,887.4558364337141
645,429.1847457627118,70.0,27.0,9.0,47.0,37.0,843.4881447389563
646,76.99322033898302,70.0,62.0,10.0,46.0,24.0,755.0787489969024
647,236.0830508474576,69.0,62.0,10.0,47.0,24.0,554.730569914214
648,1.6796610169491517,66.0,62.0,10.0,54.0,24.0,52.39862572986706
649,-0.6220338983050848,62.0,62.0,10.0,63.0,24.0,0.0
650,1.1372881355932207,60.0,62.0,10.0,65.0,24.0,0.0
651,0.1627118644067797,58.0,62.0,10.0,68.0,24.0,0.0
652,-0.47627118644067795,56.0,56.0,3.0,73.0,14.0,0.0
653,0.24067796610169487,55.0,56.0,3.0,78.0,14.0,0.0
654,0.9338983050847458,54.0,56.0,3.0,82.0,14.0,0.0
655,0.7152542372881355,53.0,56.0,3.0,84.0,14.0,0.0
656,0.33389830508474583,52.0,56.0,3.0,87.0,14.0,0.0
657,-0.22203389830508474,53.0,77.0,5.0,86.0,7.0,0.0
658,0.03220338983050847,52.0,52.0,5.0,83.0,7.0,0.0
659,0.5440677966101694,52.0,66.0,5.0,83.0,7.0,0.0
660,271.8864406779661,51.0,36.0,3.0,86.0,1.0,22.0178847242758
661,686.2830508474576,52.0,23.0,5.0,86.0,0.0,528.7165682217327
662,825.7983050847457,55.0,22.0,6.0,77.0,0.0,745.1780916956909
663,896.9728813559323,57.0,2.0,6.0,72.0,0.0,838.5402801529689
664,938.7542372881356,60.0,3.0,6.0,62.0,0.0,885.0098383715986
665,956.8508474576271,62.0,4.0,6.0,54.0,0.0,907.7281996849382
666,952.8881355932203,65.0,5.0,5.0,46.0,0.0,914.9617040577035
667,941.1508474576272,66.0,3.0,6.0,42.0,0.0,908.967766273237
668,904.6966101694916,68.0,35.0,6.0,38.0,0.0,887.8953419052514
669,846.7440677966102,69.0,35.0,6.0,35.0,0.0,844.2479061253547
670,731.149152542373,69.0,7.0,9.0,32.0,2.0,756.6615461397612
671,397.04237288135585,68.0,7.0,9.0,33.0,2.0,558.8709879881695
672,-1.5203389830508476,65.0,7.0,9.0,43.0,2.0,58.9281811311994
673,-0.5389830508474576,60.0,7.0,9.0,54.0,2.0,0.0
674,-0.13389830508474576,58.0,7.0,9.0,58.0,2.0,0.0
675,-0.6,56.0,7.0,9.0,60.0,2.0,0.0
676,-0.3999999999999999,54.0,19.0,10.0,66.0,0.0,0.0
677,-0.28813559322033894,52.0,19.0,10.0,73.0,0.0,0.0
678,-0.39152542372881344,51.0,19.0,10.0,80.0,0.0,0.0
679,-0.3999999999999999,50.0,19.0,10.0,83.0,0.0,0.0
680,0.038983050847457616,49.0,19.0,10.0,89.0,1.0,0.0
681,0.3983050847457626,49.0,19.0,7.0,83.0,0.0,0.0
682,0.03559322033898305,48.0,7.0,6.0,86.0,0.0,0.0
683,-0.06779661016949151,47.0,7.0,6.0,86.0,0.0,0.0
684,341.0661016949153,47.0,7.0,6.0,86.0,0.0,29.500968691536574
685,692.5474576271185,48.0,7.0,6.0,86.0,0.0,536.5780235345226
686,824.6542372881356,51.0,7.0,8.0,80.0,0.0,748.1706376159694
687,893.3067796610169,55.0,7.0,9.0,72.0,0.0,839.9560325023085
688,927.8271186440678,58.0,4.0,10.0,64.0,0.0,885.7706095365065
689,941.0576271186441,61.0,4.0,10.0,53.0,0.0,908.1830496391032
690,839.4406779661016,64.0,4.0,14.0,46.0,0.0,915.2839820540352
691,825.235593220339,65.0,4.0,14.0,41.0,0.0,909.2758828470446
692,885.5593220338983,67.0,4.0,14.0,40.0,0.0,888.313382210868
693,842.4474576271188,68.0,4.0,14.0,37.0,0.0,844.980588497192
694,746.3915254237288,68.0,8.0,13.0,34.0,0.0,758.2020766210759
695,472.1830508474576,67.0,8.0,13.0,35.0,0.0,562.9165673153606
696,11.683050847457633,63.0,8.0,13.0,45.0,0.0,65.76457391755613
697,-0.48983050847457615,59.0,8.0,13.0,56.0,0.0,0.0
698,-0.36779661016949144,56.0,8.0,13.0,61.0,0.0,0.0
699,-0.3983050847457626,54.0,8.0,13.0,64.0,0.0,0.0
700,-0.7847457627118645,52.0,8.0,9.0,71.0,0.0,0.0
701,-0.40677966101694907,51.0,8.0,9.0,77.0,0.0,0.0
702,0.3406779661016948,50.0,8.0,9.0,84.0,0.0,0.0
703,0.40169491525423723,49.0,8.0,9.0,88.0,0.0,0.0
704,0.3999999999999999,48.0,14.0,5.0,93.0,0.0,0.0
705,-0.00508474576271185,46.0,19.0,2.0,83.0,0.0,0.0
706,0.45932203389830506,46.0,21.0,5.0,83.0,0.0,0.0
707,0.17457627118644067,44.0,23.0,5.0,93.0,0.0,0.0
708,357.26440677966104,44.0,26.0,3.0,93.0,0.0,38.21982729983656
709,652.4661016949153,46.0,28.0,1.0,92.0,0.0,544.1913246521085
710,807.7491525423728,50.0,25.0,3.0,87.0,0.0,751.0757582700844
711,869.9847457627117,55.0,20.0,5.0,77.0,0.0,841.3275603782013
712,901.786440677966,58.0,17.0,3.0,70.0,0.0,886.5025222050693
713,913.6169491525425,62.0,17.0,2.0,61.0,0.0,908.615576797666
714,897.8661016949152,64.0,18.0,3.0,54.0,0.0,915.5866660844274
715,910.766101694915,67.0,0.0,7.0,42.0,0.0,909.5648285581981
716,875.5694915254237,68.0,1.0,8.0,39.0,0.0,888.7104519063838
717,807.1440677966103,70.0,0.0,8.0,35.0,0.0,845.6868676171671
718,698.1949152542373,70.0,0.0,9.0,33.0,0.0,759.7014780958328
719,433.371186440678,70.0,0.0,9.0,33.0,0.0,566.8699287969737
720,4.2237288135593225,67.0,0.0,7.0,37.0,0.0,72.87840295363304
721,-0.9203389830508476,62.0,0.0,7.0,48.0,0.0,0.0
722,-0.5813559322033897,60.0,0.0,6.0,49.0,0.0,0.0
723,-0.23728813559322035,57.0,0.0,6.0,57.0,0.0,0.0
724,-0.8067796610169491,52.0,0.0,6.0,66.0,0.0,0.0
725,-0.6033898305084747,51.0,0.0,6.0,70.0,0.0,0.0
726,-0.6203389830508474,49.0,0.0,6.0,76.0,0.0,0.0
727,1.0711864406779663,48.0,0.0,5.0,79.0,0.0,0.0
728,0.015254237288135597,47.0,0.0,5.0,82.0,0.0,0.0
729,-1.2016949152542376,48.0,31.0,3.0,80.0,0.0,0.0
730,-0.5694915254237288,48.0,7.0,2.0,80.0,0.0,0.0
731,0.23559322033898303,47.0,2.0,2.0,83.0,0.0,0.0
732,394.52711864406785,47.0,0.0,2.0,83.0,0.0,48.0866760313285
733,704.8694915254237,49.0,0.0,2.0,80.0,0.0,551.5622936984738
734,835.7983050847457,54.0,1.0,2.0,71.0,0.0,753.8950200060767
735,888.0694915254237,58.0,0.0,3.0,64.0,0.0,842.6554892602759
736,912.2169491525423,63.0,0.0,3.0,54.0,0.0,887.2059878554702
737,914.7169491525423,66.0,10.0,3.0,48.0,0.0,909.0261441915163
738,918.2593220338982,69.0,12.0,3.0,42.0,0.0,915.870125687952
739,909.0423728813558,71.0,14.0,5.0,39.0,0.0,909.8350128134769
740,813.2186440677965,74.0,25.0,5.0,34.0,0.0,889.0870429408941
741,666.0559322033897,75.0,17.0,5.0,35.0,0.0,846.3674081017532
742,619.1491525423729,76.0,15.0,6.0,33.0,0.0,761.1608545935378
743,358.6474576271187,75.0,9.0,6.0,33.0,0.0,570.7335935158083
744,-0.8220338983050849,72.0,16.0,5.0,40.0,0.0,80.24002124093943
745,-0.8084745762711864,67.0,24.0,6.0,48.0,0.0,0.0
746,-0.5525423728813559,64.0,23.0,6.0,52.0,0.0,0.0
747,0.06610169491525424,63.0,26.0,6.0,53.0,0.0,0.0
748,0.07457627118644071,61.0,38.0,6.0,58.0,0.0,0.0
749,0.9186440677966101,59.0,18.0,5.0,62.0,0.0,0.0
750,0.9372881355932206,58.0,25.0,6.0,68.0,0.0,0.0
751,0.5694915254237287,56.0,32.0,5.0,71.0,0.0,0.0
752,-0.9711864406779662,56.0,24.0,5.0,73.0,0.0,0.0
753,0.6406779661016951,55.0,22.0,3.0,77.0,0.0,0.0
754,0.037288135593220334,53.0,47.0,3.0,79.0,0.0,0.0
755,1.2796610169491527,52.0,47.0,3.0,80.0,0.0,0.0
756,165.0050847457627,52.0,47.0,3.0,80.0,0.0,58.98098197251964
757,374.3525423728813,54.0,47.0,3.0,80.0,0.0,558.6968181844494
758,204.12881355932203,58.0,47.0,3.0,75.0,0.0,756.6300034702795
759,605.3610169491526,63.0,47.0,3.0,67.0,0.0,843.9404617237552
760,706.6728813559322,66.0,50.0,3.0,61.0,0.0,887.8814301449789
761,694.4135593220338,69.0,50.0,3.0,55.0,0.0,909.4151229682036
762,473.4491525423729,72.0,50.0,3.0,49.0,0.0,916.1347353564303
763,398.764406779661,74.0,50.0,3.0,44.0,0.0,910.0868469265029
764,285.2830508474576,75.0,50.0,3.0,40.0,0.0,889.4436450909217
765,213.27288135593218,77.0,98.0,6.0,32.0,0.0,847.022864651683
766,-1.7288135593220342,77.0,97.0,6.0,32.0,0.0,762.5812797427386
767,-0.6406779661016949,76.0,98.0,7.0,33.0,0.0,574.5099911682729
768,-0.11694915254237291,74.0,100.0,6.0,37.0,0.0,87.82004191492061
769,-0.6169491525423728,70.0,99.0,6.0,42.0,12.0,0.0
770,-0.3881355932203389,68.0,88.0,5.0,45.0,0.0,0.0
771,-0.7932203389830509,66.0,65.0,6.0,48.0,0.0,0.0
772,-0.44576271186440675,64.0,69.0,5.0,54.0,0.0,0.0
773,-0.16949152542372883,62.0,71.0,5.0,60.0,0.0,0.0
774,0.19491525423728817,61.0,71.0,5.0,65.0,0.0,0.0
775,-0.045762711864406766,59.0,61.0,5.0,69.0,0.0,0.0
776,0.33728813559322035,58.0,66.0,3.0,72.0,0.0,0.0
777,-0.09491525423728814,58.0,64.0,7.0,75.0,6.0,0.0
778,0.07118644067796612,58.0,46.0,6.0,75.0,26.0,0.0
779,0.5457627118644068,57.0,45.0,6.0,77.0,25.0,0.0
780,125.76779661016948,54.0,66.0,6.0,77.0,24.0,70.76243919671677
781,584.9627118644067,56.0,44.0,7.0,77.0,24.0,565.6008143073772
782,563.1491525423729,59.0,51.0,7.0,75.0,24.0,759.2822981880896
783,740.3067796610169,62.0,50.0,7.0,70.0,24.0,845.1831348876697
784,901.1949152542373,65.0,49.0,6.0,65.0,29.0,888.5292834802844
785,904.9101694915254,66.0,71.0,6.0,63.0,43.0,909.7828915092883
786,525.8932203389832,68.0,70.0,6.0,59.0,50.0,916.3808739533061
787,146.6322033898305,70.0,65.0,6.0,54.0,45.0,910.3207437439387
788,739.1084745762712,71.0,65.0,6.0,51.0,44.0,889.7807457898308
789,644.2694915254237,69.0,56.0,6.0,51.0,44.0,847.6538821957029
790,100.61186440677965,68.0,57.0,8.0,54.0,45.0,763.9637977558561
791,99.90338983050849,68.0,57.0,8.0,54.0,45.0,578.2014632961242
792,0.757627118644068,66.0,57.0,7.0,61.0,45.0,95.58973827356508
793,0.38983050847457634,63.0,57.0,6.0,70.0,19.0,0.0
794,-0.7559322033898304,62.0,57.0,6.0,70.0,8.0,0.0
795,-0.9457627118644065,60.0,57.0,6.0,72.0,2.0,0.0
796,0.24745762711864408,58.0,65.0,6.0,77.0,0.0,0.0
797,-0.571186440677966,57.0,65.0,5.0,80.0,0.0,0.0
798,-0.15593220338983052,56.0,65.0,3.0,83.0,0.0,0.0
799,-0.11186440677966102,55.0,65.0,3.0,86.0,0.0,0.0
800,0.40169491525423723,55.0,65.0,3.0,86.0,0.0,0.0
801,0.15254237288135597,54.0,47.0,5.0,86.0,0.0,0.0
802,0.28474576271186436,53.0,77.0,3.0,89.0,0.0,0.0
803,1.1067796610169491,52.0,77.0,3.0,90.0,0.0,0.0
804,196.30508474576274,52.0,77.0,2.0,90.0,0.0,83.28217305946562
805,254.59322033898306,54.0,77.0,3.0,89.0,0.0,572.2801982635723
806,315.2050847457627,57.0,77.0,3.0,82.0,0.0,761.8534986798016
807,174.67457627118642,60.0,77.0,5.0,74.0,0.0,846.3841785134819
808,32.672881355932205,64.0,69.0,5.0,67.0,0.0,889.1499919204979
809,295.34576271186444,66.0,69.0,3.0,61.0,0.0,910.1298346685473
810,363.1949152542373,68.0,69.0,2.0,57.0,0.0,916.6089241072865
811,517.8779661016949,69.0,69.0,2.0,53.0,0.0,910.537117104236
812,225.44915254237287,70.0,69.0,2.0,50.0,0.0,890.0988295963978
813,26.766101694915253,70.0,69.0,3.0,44.0,0.0,848.2610953669134
814,36.576271186440685,71.0,82.0,3.0,42.0,0.0,765.3094231389567
815,23.06610169491525,70.0,82.0,3.0,45.0,0.0,581.8102633983088
816,-1.18135593220339,68.0,82.0,3.0,49.0,0.0,103.5213478994771
817,-0.852542372881356,64.0,82.0,5.0,57.0,0.0,0.0
818,0.13559322033898305,62.0,82.0,5.0,60.0,0.0,0.0
819,0.022033898305084766,61.0,82.0,5.0,61.0,0.0,0.0
820,-0.22372881355932206,59.0,90.0,5.0,66.0,0.0,0.0
821,0.12711864406779663,58.0,90.0,5.0,69.0,0.0,0.0
822,-0.10508474576271187,56.0,90.0,7.0,74.0,0.0,0.0
823,0.8237288135593219,55.0,90.0,5.0,77.0,0.0,0.0
824,0.22542372881355938,55.0,90.0,5.0,79.0,0.0,0.0
825,-0.7338983050847459,54.0,90.0,6.0,83.0,0.0,0.0
826,0.16271186440677965,53.0,94.0,5.0,85.0,6.0,0.0
827,0.5813559322033899,54.0,94.0,6.0,83.0,3.0,0.0
828,1.8813559322033901,54.0,85.0,6.0,83.0,3.0,96.39151908409352
829,12.910169491525425,55.0,92.0,9.0,83.0,3.0,578.7408635858158
830,26.7,56.0,93.0,5.0,83.0,3.0,764.3452017702181
831,75.5508474576271,58.0,96.0,5.0,77.0,3.0,847.5442736508647
832,114.41694915254237,59.0,98.0,2.0,75.0,4.0,889.7440083195381
833,55.13389830508475,60.0,94.0,2.0,72.0,4.0,910.456343135084
834,203.9271186440678,62.0,93.0,5.0,65.0,4.0,916.8192716510703
835,55.25593220338982,63.0,100.0,5.0,60.0,4.0,910.7363812678791
836,-0.12372881355932204,65.0,100.0,3.0,54.0,4.0,890.3983775632005
837,1.0728813559322037,68.0,96.0,6.0,51.0,3.0,848.8451277730787
838,2.5,68.0,85.0,8.0,50.0,1.0,766.6191399402433
839,3.4864406779661015,67.0,85.0,8.0,53.0,1.0,585.3385561697369
840,5.206779661016948,65.0,85.0,9.0,56.0,1.0,111.5882952436065
841,-0.25423728813559326,61.0,85.0,9.0,62.0,1.0,0.0
842,-1.205084745762712,60.0,85.0,7.0,64.0,1.0,0.0
843,-0.31016949152542367,58.0,85.0,9.0,66.0,1.0,0.0
844,-0.376271186440678,57.0,56.0,7.0,69.0,0.0,0.0
845,0.311864406779661,56.0,56.0,6.0,72.0,0.0,0.0
846,0.21355932203389832,54.0,56.0,1.0,76.0,0.0,0.0
847,-0.11186440677966103,53.0,56.0,3.0,78.0,0.0,0.0
848,-0.39661016949152544,53.0,56.0,1.0,80.0,0.0,0.0
849,0.5711864406779662,53.0,64.0,2.0,80.0,0.0,0.0
850,1.0118644067796612,52.0,42.0,5.0,86.0,0.0,0.0
851,0.2796610169491525,52.0,60.0,3.0,86.0,0.0,0.0
852,69.17796610169492,52.0,85.0,2.0,83.0,0.0,109.94832030246074
853,329.99152542372883,53.0,95.0,2.0,86.0,0.0,584.9886619616758
854,484.57966101694916,55.0,78.0,3.0,83.0,2.0,766.7590040891964
855,382.1508474576271,58.0,88.0,0.0,75.0,2.0,848.664111295531
856,80.09661016949151,61.0,56.0,1.0,67.0,1.0,890.311793485359
857,34.81525423728814,63.0,87.0,3.0,65.0,0.0,910.7628127943115
858,31.372881355932204,65.0,82.0,5.0,56.0,0.0,917.0123050567015
859,10.60677966101695,65.0,87.0,3.0,56.0,5.0,910.9189503648548
860,85.96271186440678,66.0,98.0,2.0,54.0,40.0,890.6798666426686
861,381.66271186440673,67.0,61.0,6.0,49.0,27.0,849.4065913512954
862,526.615254237288,68.0,57.0,6.0,47.0,7.0,767.8939012164882
863,496.3203389830509,67.0,56.0,6.0,50.0,9.0,588.7884173482289
864,-0.27796610169491537,65.0,69.0,6.0,54.0,0.0,119.76534672314041
865,-0.405084745762712,61.0,47.0,5.0,62.0,0.0,0.0
866,0.2898305084745763,60.0,49.0,5.0,64.0,0.0,0.0
867,-1.0084745762711866,58.0,47.0,5.0,66.0,0.0,0.0
868,0.4576271186440677,57.0,53.0,3.0,71.0,0.0,0.0
869,-0.35762711864406777,56.0,61.0,3.0,74.0,0.0,0.0
870,-0.40847457627118644,54.0,81.0,3.0,77.0,0.0,0.0
871,0.38983050847457623,53.0,71.0,2.0,80.0,0.0,0.0
872,0.494915254237288,52.0,77.0,2.0,83.0,0.0,0.0
873,0.6406779661016951,52.0,81.0,1.0,86.0,0.0,0.0
874,0.46779661016949153,51.0,90.0,1.0,89.0,0.0,0.0
875,7.371186440677966,51.0,96.0,3.0,89.0,0.0,0.0
876,276.06271186440677,51.0,83.0,3.0,89.0,0.0,123.82102013612062
877,649.6016949152543,53.0,82.0,5.0,86.0,0.0,591.0293845052968
878,486.18135593220336,57.0,85.0,6.0,77.0,0.0,769.0964986894844
879,702.3305084745762,61.0,58.0,7.0,70.0,0.0,849.7443905652688
880,830.942372881356,64.0,43.0,8.0,63.0,0.0,890.8538150365832
881,857.0118644067796,67.0,45.0,2.0,54.0,0.0,911.0496439178577
882,598.8525423728813,69.0,49.0,3.0,49.0,0.0,917.1884148060082
883,879.0677966101694,71.0,65.0,6.0,44.0,0.0,911.0852378692759
884,786.4745762711865,72.0,58.0,8.0,41.0,0.0,890.9437692570968
885,742.6186440677966,74.0,37.0,6.0,35.0,0.0,849.9460860920091
886,729.4627118644069,75.0,43.0,7.0,32.0,0.0,769.134629320037
887,416.6830508474576,74.0,51.0,7.0,36.0,0.0,592.1618357631176
888,-0.5508474576271186,71.0,36.0,5.0,41.0,0.0,128.0287134011915
889,-0.9033898305084744,66.0,34.0,6.0,52.0,0.0,0.0
890,-0.8762711864406781,65.0,28.0,6.0,55.0,0.0,0.0
891,0.1322033898305085,63.0,18.0,6.0,57.0,0.0,0.0
892,0.6559322033898306,61.0,11.0,6.0,63.0,0.0,0.0
893,0.47288135593220343,59.0,4.0,6.0,69.0,0.0,0.0
894,-0.01694915254237288,58.0,24.0,6.0,73.0,0.0,0.0
895,0.09830508474576269,56.0,30.0,6.0,77.0,0.0,0.0
896,-0.4254237288135592,55.0,23.0,6.0,80.0,0.0,0.0
897,-0.08305084745762713,55.0,47.0,5.0,80.0,0.0,0.0
898,0.394915254237288,54.0,64.0,3.0,86.0,0.0,0.0
899,20.03050847457627,54.0,47.0,3.0,86.0,0.0,0.0
900,197.0322033898305,54.0,65.0,3.0,86.0,0.0,137.89096780161233
901,280.33389830508474,56.0,54.0,3.0,83.0,0.0,596.8687420913184
902,458.6220338983052,60.0,56.0,3.0,75.0,0.0,771.3592703549656
903,828.2864406779662,65.0,30.0,3.0,63.0,0.0,850.7858161386164
904,926.3288135593219,68.0,43.0,5.0,59.0,0.0,891.3705458696462
905,940.8796610169491,71.0,45.0,5.0,53.0,0.0,911.3172401857521
906,818.7627118644067,74.0,16.0,6.0,46.0,0.0,917.3479927646849
907,284.071186440678,77.0,30.0,6.0,40.0,0.0,911.2356562640208
908,518.0830508474577,78.0,43.0,3.0,39.0,0.0,891.1905532937682
909,671.062711864407,79.0,48.0,3.0,37.0,0.0,850.4642006010844
910,410.66101694915255,80.0,46.0,7.0,35.0,0.0,770.342217866595
911,233.61864406779662,79.0,46.0,8.0,38.0,0.0,595.4607195375288
912,-0.12203389830508476,76.0,64.0,6.0,43.0,0.0,136.35611725435794
913,-0.830508474576271,71.0,57.0,6.0,53.0,0.0,0.0
914,-0.9355932203389832,70.0,70.0,6.0,55.0,0.0,0.0
915,0.0898305084745763,68.0,68.0,5.0,58.0,0.0,0.0
916,0.506779661016949,66.0,58.0,5.0,63.0,0.0,0.0
917,0.4983050847457626,64.0,74.0,5.0,69.0,0.0,0.0
918,0.23898305084745766,63.0,50.0,6.0,72.0,0.0,0.0
919,-0.3322033898305084,61.0,67.0,6.0,75.0,0.0,0.0
920,-0.19322033898305088,60.0,88.0,7.0,77.0,0.0,0.0
921,-0.057627118644067804,59.0,86.0,6.0,81.0,0.0,0.0
922,0.25254237288135595,59.0,97.0,3.0,83.0,0.0,0.0
923,0.49999999999999994,58.0,75.0,5.0,86.0,0.0,0.0
924,2.9525423728813553,58.0,100.0,3.0,86.0,0.0,152.05337612768213
925,20.7864406779661,60.0,93.0,2.0,84.0,0.0,602.512344724627
926,102.11694915254236,63.0,99.0,3.0,78.0,0.0,773.548889706351
927,175.93898305084744,66.0,91.0,3.0,70.0,0.0,851.7890951237703
928,331.3305084745762,70.0,79.0,3.0,61.0,0.0,891.8624623961747
929,310.37796610169494,73.0,77.0,3.0,57.0,0.0,911.5660077017351
930,346.8508474576271,76.0,56.0,3.0,48.0,0.0,917.4914317560116
931,389.893220338983,79.0,61.0,3.0,44.0,0.0,911.3706171387844
932,422.02542372881356,81.0,47.0,5.0,39.0,0.0,891.4206828772772
933,349.96610169491527,81.0,51.0,7.0,39.0,0.0,850.9615140349345
934,190.7593220338983,82.0,79.0,8.0,37.0,0.0,771.5175363147263
935,10.954237288135593,81.0,64.0,9.0,39.0,0.0,598.6869083011618
936,-0.5288135593220339,79.0,58.0,8.0,42.0,0.0,144.7268354992207
937,-0.3999999999999999,75.0,70.0,8.0,48.0,0.0,0.0
938,-0.3999999999999999,73.0,83.0,9.0,51.0,0.0,0.0
939,-0.14915254237288136,71.0,78.0,11.0,59.0,0.0,0.0
940,0.16271186440677965,69.0,83.0,11.0,63.0,0.0,0.0
941,0.42203389830508464,67.0,70.0,11.0,68.0,0.0,0.0
942,-0.10847457627118647,65.0,61.0,11.0,73.0,4.0,0.0
943,-0.0898305084745763,64.0,66.0,11.0,75.0,5.0,0.0
944,-0.3999999999999999,63.0,62.0,13.0,78.0,15.0,0.0
945,-0.05932203389830509,62.0,41.0,14.0,78.0,0.0,0.0
946,-0.4152542372881355,60.0,52.0,15.0,81.0,17.0,0.0
947,-0.2864406779661017,56.0,71.0,17.0,81.0,22.0,0.0
948,31.259322033898314,56.0,68.0,16.0,81.0,5.0,166.21732775588734
949,152.02033898305086,57.0,63.0,17.0,78.0,4.0,607.9656815502208
950,806.7406779661018,60.0,63.0,18.0,68.0,0.0,775.6669068391967
951,909.5661016949151,62.0,63.0,18.0,59.0,0.0,852.7549337141586
952,930.5694915254237,65.0,63.0,18.0,50.0,13.0,892.330042759465
953,874.0728813559323,67.0,43.0,26.0,44.0,13.0,911.7963541823567
954,931.7305084745761,67.0,43.0,20.0,41.0,13.0,917.6191254966869
955,898.5983050847457,69.0,44.0,22.0,35.0,14.0,911.4905318841558
956,841.5830508474576,68.0,2.0,22.0,34.0,0.0,891.63462008075
957,734.0406779661017,68.0,2.0,23.0,32.0,0.0,851.4385995794676
958,423.4152542372881,68.0,2.0,24.0,31.0,0.0,772.6614373794374
959,278.77457627118645,67.0,4.0,23.0,30.0,0.0,601.8421918111616
960,2.5864406779661016,66.0,8.0,21.0,30.0,0.0,153.12173363817604
961,-0.44067796610169485,63.0,5.0,14.0,36.0,0.0,0.0
962,-0.24237288135593218,62.0,4.0,15.0,36.0,0.0,0.0
963,0.3813559322033898,60.0,4.0,14.0,37.0,0.0,0.0
964,-0.12542372881355934,58.0,0.0,13.0,42.0,0.0,0.0
965,0.28813559322033894,57.0,0.0,13.0,45.0,0.0,0.0
966,0.08135593220338982,55.0,0.0,14.0,49.0,0.0,0.0
967,-0.3372881355932202,54.0,0.0,15.0,50.0,0.0,0.0
968,0.4372881355932203,53.0,0.0,10.0,52.0,0.0,0.0
969,0.6949152542372883,51.0,0.0,8.0,59.0,0.0,0.0
970,-0.5983050847457627,49.0,7.0,6.0,63.0,0.0,0.0
971,49.4406779661017,48.0,6.0,7.0,65.0,0.0,0.0
972,540.0830508474577,47.0,4.0,6.0,65.0,0.0,180.3051559150817
973,759.2762711864407,51.0,13.0,9.0,56.0,0.0,613.2341024525525
974,860.8067796610169,54.0,0.0,10.0,52.0,0.0,777.7148449536907
975,925.0050847457626,57.0,0.0,10.0,45.0,0.0,853.6840338862918
976,949.5525423728815,60.0,0.0,11.0,39.0,0.0,892.7737652002535
977,963.0457627118643,64.0,0.0,11.0,34.0,0.0,912.0086883803812
978,963.835593220339,66.0,0.0,13.0,30.0,0.0,917.7314688792992
979,944.2101694915253,68.0,0.0,13.0,27.0,0.0,911.5958128934385
980,903.7949152542374,70.0,0.0,14.0,25.0,0.0,891.8328273978964
981,839.2440677966101,71.0,0.0,14.0,26.0,0.0,851.8960291201934
982,729.6457627118642,71.0,0.0,14.0,26.0,0.0,773.7747665348296
983,471.8,71.0,0.0,14.0,27.0,0.0,604.9283328396002
984,7.552542372881356,69.0,0.0,10.0,30.0,0.0,161.52328935778414
985,-0.6338983050847457,64.0,0.0,7.0,38.0,0.0,0.0
986,-0.48983050847457615,62.0,0.0,6.0,41.0,0.0,0.0
987,-0.9915254237288136,60.0,0.0,6.0,42.0,0.0,0.0
988,-0.38305084745762713,58.0,0.0,6.0,47.0,0.0,0.0
989,1.198305084745763,56.0,0.0,5.0,51.0,0.0,0.0
990,0.4322033898305084,55.0,0.0,5.0,53.0,0.0,0.0
991,-1.1915254237288133,53.0,2.0,1.0,59.0,0.0,0.0
992,0.15423728813559323,52.0,1.0,6.0,66.0,0.0,0.0
993,0.7084745762711865,50.0,0.0,3.0,63.0,0.0,0.0
994,0.3101694915254236,49.0,10.0,2.0,66.0,0.0,0.0
995,25.027118644067794,48.0,18.0,3.0,68.0,0.0,0.0
996,325.9949152542373,48.0,33.0,2.0,67.0,0.0,194.2514502203557
997,362.3220338983051,50.0,41.0,2.0,66.0,0.0,618.322802224762
998,287.70847457627116,55.0,45.0,6.0,60.0,0.0,779.6941944925677
999,260.0677966101695,59.0,54.0,6.0,54.0,0.0,854.5770903312005
1000,161.61186440677963,63.0,58.0,8.0,48.0,0.0,893.1941065806066
1001,11.986440677966105,66.0,63.0,10.0,44.0,0.0,912.2034196679481
1002,2.047457627118644,68.0,74.0,10.0,42.0,0.0,917.8288584444165
1003,4.445762711864406,70.0,79.0,13.0,38.0,0.0,911.6868749976056
1004,85.9135593220339,71.0,71.0,13.0,38.0,0.0,892.0157705226345
1005,169.7271186440678,71.0,100.0,14.0,37.0,0.0,852.3343783524543
1006,199.46101694915257,72.0,94.0,16.0,35.0,0.0,774.8583721106036
1007,454.6694915254238,70.0,69.0,16.0,39.0,0.0,607.9470908747996
1008,7.727118644067799,67.0,22.0,14.0,43.0,0.0,169.91560429294495
1009,-0.6338983050847458,62.0,22.0,13.0,51.0,0.0,0.0
1010,-0.335593220338983,60.0,9.0,10.0,53.0,0.0,0.0
1011,-0.4152542372881355,58.0,15.0,10.0,57.0,0.0,0.0
1012,-0.04067796610169491,57.0,14.0,8.0,60.0,0.0,0.0
1013,0.3152542372881355,54.0,8.0,7.0,66.0,0.0,0.0
1014,0.44406779661016943,54.0,8.0,6.0,66.0,0.0,0.0
1015,0.41016949152542365,52.0,4.0,5.0,69.0,0.0,0.0
1016,-0.16101694915254242,50.0,11.0,5.0,74.0,0.0,0.0
1017,0.0033898305084745697,50.0,30.0,5.0,74.0,0.0,0.0
1018,-0.6508474576271188,49.0,35.0,5.0,77.0,0.0,0.0
1019,54.71694915254238,48.0,28.0,5.0,80.0,0.0,0.0
1020,553.293220338983,48.0,32.0,5.0,77.0,0.0,208.00187194082153
1021,734.7118644067797,50.0,30.0,6.0,77.0,0.0,623.236808571415
1022,754.5915254237289,54.0,15.0,7.0,66.0,0.0,781.606408343337
1023,877.813559322034,57.0,32.0,7.0,62.0,0.0,855.4347878778419
1024,911.0305084745762,60.0,12.0,7.0,53.0,0.0,893.5915411774978
1025,938.171186440678,63.0,15.0,7.0,48.0,0.0,912.3809577714563
1026,886.637288135593,65.0,20.0,7.0,45.0,0.0,917.9116929171712
1027,751.6593220338983,68.0,1.0,7.0,39.0,0.0,911.764136887179
1028,839.9237288135595,70.0,3.0,9.0,35.0,0.0,892.1839210023456
1029,775.8050847457627,71.0,1.0,8.0,33.0,0.0,852.7542315451417
1030,653.7525423728814,72.0,1.0,8.0,31.0,0.0,775.9131145584666
1031,436.806779661017,70.0,1.0,8.0,35.0,0.0,610.9002433529475
1032,7.959322033898305,68.0,1.0,6.0,38.0,0.0,178.284399289658
1033,-1.1322033898305084,63.0,1.0,5.0,47.0,0.0,0.0
1034,-1.0135593220338985,62.0,0.0,3.0,49.0,0.0,0.0
1035,-0.26440677966101694,60.0,1.0,3.0,52.0,0.0,0.0
1036,0.07627118644067798,58.0,2.0,3.0,56.0,0.0,0.0
1037,0.04745762711864407,56.0,1.0,2.0,62.0,0.0,0.0
1038,-0.18983050847457628,55.0,0.0,2.0,63.0,0.0,0.0
1039,-0.011864406779661009,54.0,0.0,2.0,67.0,0.0,0.0
1040,0.3999999999999999,52.0,0.0,2.0,71.0,0.0,0.0
1041,0.22033898305084748,50.0,0.0,2.0,77.0,0.0,0.0
1042,0.5101694915254237,49.0,0.0,2.0,77.0,0.0,0.0
1043,49.36440677966101,49.0,0.0,3.0,80.0,0.0,0.0
1044,502.39661016949157,50.0,0.0,2.0,77.0,0.0,221.511910145099
1045,728.6627118644068,54.0,0.0,2.0,69.0,0.0,627.9809756380557
1046,832.9576271186442,59.0,0.0,2.0,60.0,0.0,783.4528990293272
1047,891.106779661017,65.0,1.0,2.0,50.0,0.0,856.2577999210607
1048,905.264406779661,69.0,3.0,2.0,44.0,0.0,893.9665400241917
1049,890.206779661017,72.0,4.0,2.0,39.0,0.0,912.5417127765525
1050,857.8203389830508,75.0,5.0,2.0,36.0,0.0,917.9803738155232
1051,884.9,76.0,0.0,2.0,32.0,0.0,911.8280224101137
1052,702.6728813559323,78.0,0.0,2.0,29.0,0.0,892.3377585209729
1053,820.413559322034,79.0,19.0,3.0,27.0,0.0,853.1561855267865
1054,713.4627118644069,80.0,19.0,3.0,24.0,0.0,776.9398739836813
1055,449.49491525423736,80.0,40.0,3.0,25.0,0.0,613.7896022821856
1056,9.210169491525425,78.0,31.0,5.0,29.0,0.0,186.61699013183585
1057,-0.588135593220339,72.0,34.0,5.0,37.0,0.0,0.0
1058,-0.02372881355932202,69.0,25.0,5.0,39.0,0.0,0.0
1059,-0.659322033898305,67.0,28.0,3.0,42.0,0.0,0.0
1060,-0.3067796610169491,65.0,24.0,5.0,45.0,0.0,0.0
1061,-0.052542372881355895,63.0,35.0,5.0,50.0,0.0,0.0
1062,-0.4355932203389831,62.0,28.0,5.0,52.0,0.0,0.0
1063,-0.7830508474576271,60.0,23.0,5.0,58.0,0.0,0.0
1064,0.016949152542372895,58.0,15.0,5.0,62.0,0.0,0.0
1065,0.3576271186440678,56.0,5.0,2.0,69.0,0.0,0.0
1066,0.9864406779661019,55.0,3.0,2.0,69.0,0.0,0.0
1067,37.2728813559322,55.0,18.0,2.0,69.0,0.0,0.0
1068,503.27627118644074,55.0,23.0,2.0,72.0,0.0,234.74566754707777
1069,715.1508474576272,58.0,3.0,2.0,67.0,0.0,632.5599853296927
1070,808.0050847457626,63.0,1.0,2.0,58.0,0.0,785.2350389571628
1071,871.857627118644,68.0,1.0,2.0,51.0,0.0,857.0467883928357
1072,880.0118644067798,72.0,6.0,2.0,44.0,0.0,894.3195710681031
1073,913.257627118644,75.0,11.0,2.0,40.0,0.0,912.6860955477398
1074,918.5457627118644,78.0,4.0,2.0,35.0,0.0,918.0353061633119
1075,922.0796610169492,79.0,4.0,3.0,32.0,0.0,911.8789616741958
1076,882.7186440677966,81.0,5.0,5.0,29.0,0.0,892.4777725949355
1077,817.8813559322033,81.0,1.0,6.0,29.0,0.0,853.5408524356734
1078,710.0118644067798,82.0,6.0,7.0,27.0,0.0,777.9395550974934
1079,474.33898305084745,81.0,6.0,9.0,28.0,0.0,616.6170245650578
1080,24.277966101694908,79.0,6.0,9.0,31.0,0.0,194.9022406304905
1081,-0.4898305084745763,74.0,7.0,10.0,38.0,0.0,0.0
1082,-1.3,71.0,6.0,11.0,41.0,0.0,0.0
1083,-1.0661016949152544,68.0,3.0,13.0,47.0,0.0,0.0
1084,-0.6186440677966101,66.0,22.0,14.0,48.0,0.0,0.0
1085,-0.3983050847457626,63.0,17.0,14.0,50.0,0.0,0.0
1086,-0.3983050847457626,61.0,25.0,14.0,51.0,0.0,0.0
1087,-0.8033898305084747,59.0,44.0,10.0,51.0,0.0,0.0
1088,0.20508474576271185,58.0,41.0,10.0,51.0,0.0,0.0
1089,-0.235593220338983,56.0,42.0,6.0,62.0,0.0,0.0
1090,-0.1288135593220339,55.0,39.0,6.0,61.0,0.0,0.0
1091,40.9135593220339,54.0,41.0,6.0,62.0,0.0,0.0
1092,450.3457627118645,53.0,44.0,5.0,62.0,0.0,247.67472953772923
1093,260.51864406779663,56.0,69.0,6.0,59.0,0.0,636.9783566014619
1094,344.97118644067797,61.0,64.0,6.0,51.0,0.0,786.9541639099007
1095,451.7474576271187,64.0,62.0,6.0,45.0,0.0,857.8024053859407
1096,763.8627118644068,68.0,54.0,6.0,39.0,0.0,894.6511001947491
1097,824.3762711864406,70.0,38.0,6.0,36.0,0.0,912.8145184938703
1098,864.1152542372882,72.0,35.0,6.0,34.0,0.0,918.0768991521333
1099,880.1033898305086,73.0,31.0,6.0,30.0,0.0,911.9173916912345
1100,546.2372881355932,75.0,41.0,6.0,28.0,0.0,892.6044632743967
1101,239.5305084745763,75.0,70.0,8.0,27.0,0.0,853.908860565176
1102,-0.9491525423728813,75.0,68.0,9.0,27.0,0.0,778.9130883775707
1103,-1.1542372881355933,73.0,90.0,10.0,28.0,0.0,619.3844131871748
1104,-1.0152542372881355,71.0,96.0,10.0,31.0,0.0,203.13048731265306
1105,-1.2016949152542376,67.0,89.0,10.0,39.0,0.0,0.0
1106,-1.701694915254237,63.0,98.0,11.0,44.0,2.0,0.0
1107,-1.023728813559322,61.0,96.0,13.0,51.0,7.0,0.0
1108,-1.6254237288135593,59.0,95.0,10.0,62.0,42.0,0.0
1109,-0.5423728813559323,57.0,99.0,8.0,75.0,62.0,0.0
1110,-0.5525423728813559,56.0,98.0,6.0,80.0,72.0,0.0
1111,-0.24915254237288134,56.0,94.0,5.0,80.0,62.0,0.0
1112,-0.2559322033898305,55.0,100.0,3.0,83.0,44.0,0.0
1113,-0.15254237288135594,55.0,97.0,2.0,80.0,44.0,0.0
1114,0.13050847457627118,54.0,95.0,2.0,83.0,33.0,0.0
1115,0.14406779661016952,54.0,89.0,3.0,86.0,37.0,0.0
1116,1.7627118644067796,54.0,96.0,2.0,86.0,43.0,260.2771393157619
1117,2.3084745762711862,54.0,86.0,5.0,90.0,45.0,641.2404605739115
1118,303.72203389830514,54.0,80.0,6.0,93.0,24.0,788.6115789492382
1119,164.8745762711864,56.0,92.0,9.0,83.0,17.0,858.525295891302
1120,291.7152542372881,57.0,83.0,6.0,80.0,3.0,894.9615926642997
1121,116.28983050847458,60.0,52.0,6.0,72.0,2.0,912.9273962870702
1122,237.0983050847458,63.0,29.0,9.0,60.0,2.0,918.1055663381057
1123,626.5661016949151,65.0,31.0,10.0,52.0,1.0,911.9437560751468
1124,602.3474576271186,67.0,31.0,11.0,45.0,11.0,892.7183402112197
1125,858.0813559322036,68.0,28.0,10.0,45.0,0.0,854.2608523924223
1126,761.2694915254237,69.0,0.0,13.0,40.0,0.0,779.8614258507432
1127,489.0881355932203,68.0,0.0,9.0,42.0,0.0,622.0937062454153
1128,41.44406779661018,67.0,0.0,8.0,42.0,0.0,211.29342761351842
1129,-0.3999999999999999,64.0,15.0,7.0,46.0,0.0,0.0
1130,0.34915254237288124,61.0,13.0,6.0,51.0,0.0,0.0
1131,-0.34237288135593213,59.0,16.0,5.0,55.0,0.0,0.0
1132,-0.01864406779661017,58.0,30.0,6.0,59.0,0.0,0.0
1133,0.2898305084745763,56.0,14.0,5.0,69.0,0.0,0.0
1134,0.4372881355932203,54.0,22.0,5.0,71.0,0.0,0.0
1135,0.6305084745762711,54.0,30.0,5.0,71.0,0.0,0.0
1136,-0.42711864406779654,52.0,29.0,1.0,80.0,0.0,0.0
1137,-0.12542372881355932,51.0,27.0,3.0,83.0,0.0,0.0
1138,0.5186440677966101,51.0,26.0,3.0,83.0,0.0,0.0
1139,1.3084745762711865,49.0,27.0,1.0,85.0,0.0,0.0
1140,128.75423728813558,49.0,30.0,3.0,86.0,0.0,272.53648039369403
1141,728.8101694915254,53.0,31.0,1.0,80.0,0.0,645.3505372613869
1142,832.5627118644068,57.0,30.0,2.0,71.0,0.0,790.2085648457544
1143,825.1033898305086,61.0,27.0,1.0,63.0,0.0,859.2161005899627
1144,524.022033898305,65.0,26.0,1.0,56.0,0.0,895.2515142690422
1145,883.4864406779661,68.0,23.0,1.0,50.0,0.0,913.0251459948414
1146,873.4864406779661,70.0,16.0,1.0,47.0,0.0,918.1217249113597
1147,893.5186440677966,72.0,13.0,2.0,42.0,0.0,911.9585033522794
1148,873.822033898305,74.0,12.0,5.0,40.0,0.0,892.8199196066718
1149,831.5389830508475,76.0,1.0,6.0,37.0,0.0,854.5974791507916
1150,754.5033898305086,77.0,1.0,6.0,35.0,0.0,780.7855306209074
1151,548.2152542372883,77.0,1.0,6.0,35.0,0.0,624.7468520289655
1152,55.7677966101695,75.0,1.0,5.0,37.0,0.0,219.38396844187778
1153,-0.3677966101694915,70.0,1.0,3.0,45.0,0.0,0.0
1154,-0.6305084745762713,67.0,0.0,3.0,49.0,0.0,0.0
1155,-0.38305084745762713,65.0,0.0,3.0,54.0,0.0,0.0
1156,0.2932203389830508,63.0,0.0,3.0,60.0,0.0,0.0
1157,-0.14406779661016947,61.0,0.0,3.0,65.0,0.0,0.0
1158,0.03220338983050846,59.0,0.0,3.0,69.0,0.0,0.0
1159,0.4542372881355932,58.0,0.0,3.0,75.0,0.0,0.0
1160,0.2338983050847458,57.0,5.0,5.0,75.0,0.0,0.0
1161,0.2796610169491525,55.0,5.0,6.0,80.0,0.0,0.0
1162,0.5389830508474577,54.0,5.0,3.0,83.0,0.0,0.0
1163,82.50169491525425,53.0,6.0,5.0,82.0,0.0,0.0
1164,534.3135593220338,53.0,9.0,3.0,83.0,0.0,284.4410571654106
1165,713.9966101694914,58.0,10.0,1.0,76.0,0.0,649.3127094578513
1166,817.886440677966,64.0,9.0,1.0,66.0,0.0,791.7463831865778
1167,863.008474576271,69.0,9.0,1.0,57.0,0.0,859.8754577548972
1168,886.1796610169491,73.0,11.0,1.0,49.0,0.0,895.5213316730013
1169,815.7830508474577,78.0,13.0,1.0,43.0,0.0,913.1081863132606
1170,726.9898305084746,80.0,15.0,2.0,40.0,0.0,918.1257938830078
1171,712.6559322033899,82.0,15.0,3.0,37.0,0.0,911.9620838674535
1172,456.41016949152544,84.0,15.0,3.0,33.0,0.0,892.909719203982
